"Time (s)","Linear Acceleration x (m/s^2)","Linear Acceleration y (m/s^2)","Linear Acceleration z (m/s^2)","Absolute acceleration (m/s^2)"
0.000000000E0,-2.213537693E-3,1.591801643E-3,1.171846390E-1,1.172163521E-1
9.992846000E-3,-1.021781564E-2,-3.400295973E-3,1.251850128E-1,1.256473366E-1
2.000876900E-2,-1.421952248E-2,-3.390371799E-3,1.301841736E-1,1.310023225E-1
2.999161500E-2,-2.021569014E-2,-3.378570080E-3,1.361837387E-1,1.377174628E-1
4.001307700E-2,-1.521319151E-2,-7.361263037E-3,1.361827850E-1,1.372274766E-1
5.001230800E-2,-1.121252775E-2,-4.344433546E-3,1.311826706E-1,1.317326381E-1
6.000607700E-2,-1.220914721E-2,-1.329213381E-3,1.271820068E-1,1.277736004E-1
7.001530800E-2,-5.214691162E-3,1.682847738E-3,1.301813126E-1,1.302965814E-1
7.999992300E-2,3.764241934E-3,-1.298636198E-3,1.371793747E-1,1.372371554E-1
9.001592300E-2,7.733702660E-3,-4.272997379E-3,1.391763687E-1,1.394565533E-1
1.000055380E-1,7.700473070E-3,-4.245042801E-3,1.441745758E-1,1.444424660E-1
1.100232310E-1,3.673195839E-3,-2.219110727E-3,1.501712799E-1,1.502325868E-1
1.200112310E-1,6.510913372E-4,1.799315214E-3,1.551704407E-1,1.551822384E-1
1.300058460E-1,4.617303610E-3,4.811108112E-3,1.561679840E-1,1.563102859E-1
1.400144610E-1,-5.390524864E-3,9.808927774E-3,1.501674652E-1,1.505839979E-1
1.500121540E-1,-1.038336754E-2,1.279690862E-2,1.471691132E-1,1.480889026E-1
1.600285380E-1,-1.336339116E-2,2.573844790E-2,1.331720352E-1,1.362932093E-1
1.700019230E-1,-6.365299225E-3,2.567458153E-2,1.301755905E-1,1.328359347E-1
1.800313850E-1,3.595381975E-3,1.365229487E-2,1.321754456E-1,1.329272746E-1
1.900100000E-1,3.553420305E-3,4.666179419E-3,1.481714249E-1,1.482874613E-1
2.000136920E-1,-4.460453987E-3,1.065945625E-2,1.601715088E-1,1.605877700E-1
2.100068460E-1,-1.144725084E-2,1.862087846E-2,1.621742249E-1,1.636406303E-1
2.200084620E-1,-8.440643549E-3,1.857447624E-2,1.481761932E-1,1.495741952E-1
2.300005380E-1,5.227923393E-4,1.454377174E-2,1.331758499E-1,1.339686591E-1
2.402362310E-1,3.471970558E-3,1.351734996E-2,1.431751251E-1,1.438537097E-1
2.500084620E-1,3.419548273E-3,9.511530399E-3,1.551733017E-1,1.555021417E-1
2.600293080E-1,-6.133317947E-4,3.533244133E-3,1.471719742E-1,1.472156580E-1
2.700013850E-1,-6.613999605E-3,2.559423447E-3,1.361703873E-1,1.363549413E-1
2.799986920E-1,-1.059225202E-2,6.563663483E-3,1.371707916E-1,1.377356292E-1
2.900185380E-1,-5.599588156E-3,1.452451944E-2,1.421728134E-1,1.430224665E-1
3.000123850E-1,3.582239151E-4,2.045002580E-2,1.431741714E-1,1.446277126E-1
3.100099230E-1,-6.641477346E-3,1.540043950E-2,1.361761093E-1,1.372050127E-1
3.200088460E-1,-6.637513638E-3,1.037627459E-2,1.241779327E-1,1.247873497E-1
3.300157690E-1,-6.633996964E-3,1.333257556E-2,1.261787415E-1,1.270544855E-1
3.399996920E-1,-1.458179951E-2,1.229974627E-2,1.381835938E-1,1.394941512E-1
3.500057690E-1,-1.750752330E-2,1.027864218E-2,1.361875534E-1,1.376924601E-1
3.600079230E-1,-1.147073507E-2,9.261667728E-3,1.301898956E-1,1.310220026E-1
3.700266150E-1,-2.496361732E-3,4.279226065E-3,1.391887665E-1,1.392769052E-1
3.800140000E-1,3.428220749E-3,4.305511713E-3,1.491842270E-1,1.492857117E-1
3.900118460E-1,7.326006889E-3,7.306754589E-3,1.451787949E-1,1.455470423E-1
4.000058460E-1,7.222682238E-3,8.298516273E-3,1.391754150E-1,1.396095579E-1
4.099990770E-1,1.725256443E-4,8.288413286E-3,1.361732483E-1,1.364253683E-1
4.221906920E-1,-1.862108707E-3,1.332253218E-3,1.331701279E-1,1.331898093E-1
4.299975380E-1,-1.897990704E-3,-4.575133324E-3,1.381645203E-1,1.382532780E-1
4.401251540E-1,-1.935034990E-3,4.789829254E-4,1.411609650E-1,1.411750396E-1
4.500131540E-1,1.102685928E-5,9.461224079E-3,1.431589127E-1,1.434712137E-1
4.600956150E-1,-1.034379005E-3,1.340863109E-2,1.391601562E-1,1.398084776E-1
4.699946150E-1,-2.068638802E-3,8.393019438E-3,1.291580200E-1,1.294469628E-1
4.808364620E-1,-8.050411940E-3,3.421247005E-3,1.291580200E-1,1.294538844E-1
4.900043080E-1,-3.077596426E-3,1.468330622E-3,1.331548691E-1,1.331985238E-1
5.001784620E-1,-3.106743097E-3,-3.438442945E-3,1.391496658E-1,1.392268086E-1
5.100342310E-1,-8.093565702E-3,-1.361429691E-3,1.441469193E-1,1.443803783E-1
5.200867690E-1,-8.080720901E-3,3.671526909E-3,1.451444626E-1,1.454155878E-1
5.300100000E-1,-2.121537924E-3,-1.250624657E-3,1.441402435E-1,1.441612805E-1
5.400200000E-1,-1.170098782E-3,8.072853088E-4,1.391353607E-1,1.391426227E-1
5.500012310E-1,-2.207696438E-3,4.825562239E-3,1.331319809E-1,1.332376985E-1
5.599945380E-1,-7.195889950E-3,2.862364054E-3,1.311321259E-1,1.313606044E-1
5.699936150E-1,-6.196320057E-3,-7.991909981E-3,1.371259689E-1,1.374983504E-1
5.799989230E-1,-5.206853151E-3,-4.875391722E-3,1.381187439E-1,1.383028133E-1
5.900026920E-1,-2.664029598E-4,5.141496658E-3,1.361160278E-1,1.362133583E-1
6.001254620E-1,-2.305656672E-3,1.109763980E-2,1.351175308E-1,1.355921119E-1
6.118827690E-1,-1.125726104E-2,1.105764508E-2,1.421213150E-1,1.429946349E-1
6.211903850E-1,-1.308619976E-3,1.101621985E-2,1.371212006E-1,1.375692307E-1
6.299900770E-1,3.590792418E-3,1.295047998E-2,1.331186295E-1,1.337952848E-1
6.399937690E-1,-2.448618412E-3,1.090827584E-2,1.371192932E-1,1.375742955E-1
6.499941540E-1,-3.479212523E-3,3.940880299E-3,1.421165466E-1,1.422137415E-1
6.600024620E-1,2.428829670E-3,6.940245628E-3,1.381130219E-1,1.383086152E-1
6.699966920E-1,4.314869642E-3,1.288008690E-2,1.441116333E-1,1.447503976E-1
6.799988460E-1,4.199475050E-3,9.857445955E-3,1.551065445E-1,1.554761878E-1
6.909057690E-1,-6.806671619E-3,1.281031966E-2,1.651096344E-1,1.657456679E-1
7.008052310E-1,-1.275014877E-2,9.792059660E-3,1.621112823E-1,1.629064719E-1
7.100028460E-1,-9.717106819E-3,2.840638161E-3,1.481113434E-1,1.484569346E-1
7.199923850E-1,-7.699102163E-3,2.883821726E-3,1.351108551E-1,1.353607616E-1
7.308156920E-1,-7.623732090E-4,1.084288955E-2,1.441097260E-1,1.445190734E-1
7.409055380E-1,1.610219479E-4,1.278606057E-2,1.531085968E-1,1.536416340E-1
7.501136150E-1,-6.838500500E-3,1.075094938E-2,1.571102142E-1,1.576260366E-1
7.600040770E-1,-1.475059986E-2,6.760388613E-3,1.481142044E-1,1.490003376E-1
7.700040770E-1,-6.748020649E-3,1.072025299E-2,1.451158524E-1,1.456676704E-1
7.800437690E-1,-3.780275583E-3,1.859182119E-2,1.471204758E-1,1.483387363E-1
7.903364620E-1,-7.766008377E-3,1.648503542E-2,1.451253891E-1,1.462649850E-1
8.001743850E-1,-5.768865347E-3,1.636874676E-2,1.331310272E-1,1.342575364E-1
8.099916150E-1,-8.295774460E-4,1.526156068E-2,1.291332245E-1,1.300345842E-1
8.200145380E-1,3.058910370E-3,8.247733116E-3,1.431293488E-1,1.433994160E-1
8.320466920E-1,-2.000451088E-3,-1.643121243E-3,1.621217728E-1,1.621424400E-1
8.406457690E-1,-6.016254425E-3,2.421468496E-3,1.691179276E-1,1.692422295E-1
8.515713080E-1,-3.062874079E-3,1.039248705E-2,1.601171494E-1,1.604832904E-1
8.600256150E-1,-1.124501228E-3,6.399542093E-3,1.471147537E-1,1.472581726E-1
8.700902310E-1,5.725353956E-3,2.460390329E-3,1.491060257E-1,1.492361890E-1
8.800025380E-1,1.150774956E-2,3.507822752E-3,1.530942917E-1,1.535662569E-1
8.907776920E-1,-5.638301373E-4,4.539251328E-3,1.450891495E-1,1.451612345E-1
8.999973850E-1,-6.562590599E-3,6.546467543E-3,1.450891495E-1,1.453849550E-1
9.106756920E-1,-1.348000765E-2,1.841259003E-2,1.490993500E-1,1.508355072E-1
9.221375380E-1,-1.043143868E-2,2.124127746E-2,1.481084824E-1,1.499870972E-1
9.300126920E-1,-4.462540150E-3,1.910400391E-2,1.531143188E-1,1.543660321E-1
9.400104620E-1,-3.505617380E-3,1.007732749E-2,1.601133347E-1,1.604684449E-1
9.549392310E-1,-1.540961862E-2,-1.801908016E-3,1.631116867E-1,1.638478732E-1
9.600140770E-1,-1.530852914E-2,-2.677291632E-3,1.611108780E-1,1.618586852E-1
9.703216920E-1,-1.223573089E-2,6.331384182E-3,1.481132507E-1,1.487525952E-1
9.801550000E-1,-8.211582899E-3,7.327169180E-3,1.371145248E-1,1.375554813E-1
9.900073080E-1,-6.210863590E-3,3.371477127E-3,1.381120682E-1,1.382927513E-1
1.000013000E0,2.672612667E-3,6.381005049E-3,1.441068649E-1,1.442728270E-1
1.010285154E0,8.481889963E-3,1.232406497E-2,1.591014862E-1,1.598033415E-1
1.020019923E0,4.340618849E-3,1.424625516E-2,1.620988846E-1,1.627815872E-1
1.029995231E0,-1.061630249E-2,8.241891861E-3,1.611022949E-1,1.616619438E-1
1.040013385E0,-1.254078746E-2,-3.618121147E-3,1.490983963E-1,1.496686137E-1
1.049989538E0,-6.533354521E-3,-1.510262489E-3,1.350936890E-1,1.352600104E-1
1.060413308E0,5.317509174E-3,4.517376423E-3,1.360855103E-1,1.362642605E-1
1.070009385E0,1.010337472E-2,6.014704704E-4,1.440734863E-1,1.444285616E-1
1.080794615E0,-1.957535744E-3,-1.287221909E-3,1.530656815E-1,1.530836102E-1
1.090445846E0,-7.945239544E-3,-1.175314188E-3,1.570606232E-1,1.572658499E-1
1.099991308E0,-6.944119930E-3,3.871649504E-3,1.560592651E-1,1.562616546E-1
1.109999000E0,-2.992898226E-3,7.867276669E-3,1.540575027E-1,1.542872828E-1
1.119994077E0,-1.062661409E-3,6.869703531E-3,1.440544128E-1,1.442220369E-1
1.130063231E0,-1.001548767E-2,1.937776804E-3,1.440534592E-1,1.444142101E-1
1.139996462E0,-1.984447241E-2,-1.941978931E-3,1.510543823E-1,1.523646967E-1
1.150009077E0,-1.276972890E-2,-3.795295954E-3,1.570510864E-1,1.576150817E-1
1.159992615E0,-6.769835949E-3,-3.651112318E-3,1.540441513E-1,1.542360589E-1
1.170009538E0,-7.754057646E-3,3.399342299E-3,1.480426788E-1,1.482845767E-1
1.180121538E0,-1.816540956E-3,1.134520769E-2,1.480417252E-1,1.484869218E-1
1.189992154E0,1.082718372E-3,9.317427874E-3,1.480398178E-1,1.483366927E-1
1.200044077E0,-8.887141943E-3,8.304089308E-3,1.490421295E-1,1.495376058E-1
1.210001154E0,-1.478016376E-2,1.322674751E-2,1.500492096E-1,1.513544363E-1
1.220009846E0,-1.072955132E-2,1.019254327E-2,1.550531387E-1,1.557577832E-1
1.229994615E0,-1.265650988E-2,3.250867128E-3,1.590528488E-1,1.595887342E-1
1.239997923E0,-1.357215643E-2,3.309041262E-3,1.600542068E-1,1.606626973E-1
1.249991615E0,-3.613710403E-3,9.284853935E-3,1.530542374E-1,1.533781829E-1
1.261009308E0,-2.665370703E-3,1.320406795E-2,1.470556259E-1,1.476712861E-1
1.271006615E0,-4.687875509E-3,1.312091947E-2,1.430578232E-1,1.437347400E-1
1.279999385E0,-7.674127817E-3,1.107096672E-2,1.500606537E-1,1.506640578E-1
1.290006385E0,-1.062580943E-2,1.003992558E-2,1.570644379E-1,1.577432901E-1
1.300655692E0,-6.626397371E-3,1.000455022E-2,1.510667801E-1,1.515426416E-1
1.311778385E0,4.227817059E-3,1.884862781E-2,1.490669250E-1,1.503133173E-1
1.319992769E0,3.097683191E-3,1.671919227E-2,1.470680237E-1,1.480477309E-1
1.330139923E0,-8.868217468E-3,6.723672152E-3,1.440696716E-1,1.444988697E-1
1.340000000E0,-1.474830508E-2,1.793086529E-3,1.380701065E-1,1.388671378E-1
1.349992538E0,-1.462891698E-2,2.847075462E-3,1.370735168E-1,1.378813260E-1
1.359987692E0,-1.057398319E-2,-1.040488482E-3,1.480703354E-1,1.484510558E-1
1.369993077E0,-3.616064787E-3,-9.277164936E-4,1.530628204E-1,1.531083394E-1
1.380003462E0,-1.682162285E-3,3.127872944E-3,1.480579376E-1,1.481005272E-1
1.390163154E0,-1.747339964E-3,2.196282148E-3,1.480522156E-1,1.480788148E-1
1.400757077E0,-1.815795898E-3,2.268284559E-3,1.550464630E-1,1.550736855E-1
1.409990462E0,-6.819158792E-3,1.353532076E-3,1.630420685E-1,1.631902236E-1
1.419994231E0,-3.864854574E-3,-1.520395279E-3,1.680345535E-1,1.680858706E-1
1.430824769E0,-9.459853172E-4,1.562267542E-3,1.600265503E-1,1.600369719E-1
1.439991462E0,-2.994984388E-3,8.544534445E-3,1.490259171E-1,1.493007132E-1
1.449985769E0,-5.013197660E-3,1.148179173E-2,1.430282593E-1,1.435759264E-1
1.459986615E0,-7.986187935E-3,1.042914391E-2,1.370315552E-1,1.376597013E-1
1.469992615E0,-5.003958941E-3,3.477513790E-3,1.410284042E-1,1.411599926E-1
1.479994538E0,-4.035592079E-3,1.552879810E-3,1.440238953E-1,1.440887915E-1
1.490272000E0,-9.986490011E-3,4.588156939E-3,1.450233459E-1,1.454391695E-1
1.499986615E0,-1.092535257E-2,8.568733931E-3,1.480274200E-1,1.486771792E-1
1.510002385E0,-6.916403770E-3,7.559984922E-3,1.420288086E-1,1.423979371E-1
1.520042769E0,4.928469658E-3,8.529126644E-3,1.310234070E-1,1.313931847E-1
1.530307154E0,2.802878618E-3,1.540115476E-2,1.320238113E-1,1.329486309E-1
1.540946000E0,-3.240257502E-3,5.423098803E-3,1.450214386E-1,1.451589712E-1
1.549999846E0,-5.261301994E-3,-1.454740763E-3,1.550149918E-1,1.551110739E-1
1.560079615E0,-3.310918808E-3,-7.252782583E-3,1.600036621E-1,1.602021752E-1
1.570098154E0,-3.357917070E-3,1.824885607E-3,1.549978256E-1,1.550449347E-1
1.580542769E0,-2.707305551E-2,1.472079754E-2,1.470155716E-1,1.502106205E-1
1.589996539E0,-3.171539307E-2,1.757150888E-2,1.410360336E-1,1.456220686E-1
1.607703000E0,-1.657181978E-2,2.235561609E-2,1.420526505E-1,1.447527350E-1
1.610052308E0,-1.642981172E-2,2.214276791E-2,1.420679092E-1,1.447188022E-1
1.619987923E0,-3.473013639E-3,2.490073442E-2,1.490774155E-1,1.511826187E-1
1.629992231E0,-4.502892494E-3,1.677197218E-2,1.510810852E-1,1.520758672E-1
1.640043923E0,-8.479416370E-3,9.740918875E-3,1.530838013E-1,1.536275894E-1
1.649985846E0,-7.470875978E-3,7.738471031E-3,1.550846100E-1,1.554571779E-1
1.659997615E0,-6.473511457E-3,7.733434439E-3,1.510848999E-1,1.514211324E-1
1.669997231E0,-4.503220320E-3,2.796232700E-3,1.510801315E-1,1.511730930E-1
1.679994846E0,-4.530310631E-3,-3.061383963E-3,1.470737457E-1,1.471753460E-1
1.689994846E0,-8.495837450E-3,-7.853299379E-3,1.380643845E-1,1.385482870E-1
1.700036846E0,-1.043850183E-2,-4.688858986E-3,1.440601349E-1,1.445139100E-1
1.710144000E0,-1.038292050E-2,5.335569382E-3,1.450605392E-1,1.455294932E-1
1.719986385E0,-9.343594313E-3,1.423728466E-2,1.470670700E-1,1.480497420E-1
1.730723462E0,-3.386735916E-3,1.315250993E-2,1.440696716E-1,1.447084268E-1
1.739986692E0,-3.423929214E-3,1.229971647E-3,1.380634308E-1,1.381113574E-1
1.750007846E0,-1.036676764E-2,-6.578534842E-3,1.430568695E-1,1.435827807E-1
1.760007846E0,-1.524555683E-2,5.445986986E-3,1.480617523E-1,1.489441784E-1
1.769985846E0,-1.906880736E-2,1.631703973E-2,1.450748444E-1,1.472296698E-1
1.780068769E0,-1.691517234E-2,1.421099901E-2,1.380853653E-1,1.398414948E-1
1.789986154E0,-8.875876665E-3,9.176313877E-3,1.380891800E-1,1.386780716E-1
1.800000769E0,3.495812416E-5,8.158177137E-3,1.410865784E-1,1.413222547E-1
1.810177308E0,1.915067434E-3,9.135544300E-3,1.540832520E-1,1.543657157E-1
1.820001615E0,-3.140598536E-3,8.134543896E-3,1.660804749E-1,1.663092249E-1
1.829986231E0,-8.120298386E-3,7.137387991E-3,1.510810852E-1,1.514674086E-1
1.840135923E0,-1.400664449E-2,1.008895040E-2,1.370878220E-1,1.381703439E-1
1.849989769E0,-7.980763912E-3,1.300042868E-2,1.390933990E-1,1.399274005E-1
1.859988154E0,1.901149750E-3,7.003217936E-3,1.480875015E-1,1.482651933E-1
1.871590308E0,3.756433725E-3,-2.855092287E-3,1.510753632E-1,1.511490248E-1
1.880102692E0,1.643270254E-3,2.212703228E-3,1.440677643E-1,1.440941258E-1
1.890078308E0,2.519160509E-3,1.410689950E-2,1.380672455E-1,1.388089156E-1
1.899996000E0,1.410782337E-3,1.893293858E-2,1.390705109E-1,1.403604412E-1
1.909992154E0,-7.571041584E-3,1.580706239E-2,1.420783997E-1,1.431553546E-1
1.919986615E0,-1.445767283E-2,7.797122002E-3,1.450824738E-1,1.460093956E-1
1.930092692E0,-1.533070207E-2,-1.087844372E-3,1.440830231E-1,1.449004188E-1
1.939987539E0,-1.421675086E-2,-2.947419882E-3,1.410808563E-1,1.418259895E-1
1.949993000E0,-1.312112808E-2,3.108173609E-3,1.440830231E-1,1.447126196E-1
1.960115154E0,-1.204562187E-2,4.152327776E-3,1.500825882E-1,1.506224489E-1
1.969990385E0,-9.999215603E-3,4.196316004E-3,1.510829926E-1,1.514716608E-1
1.981832308E0,-4.036903381E-3,2.268165350E-3,1.530780792E-1,1.531480966E-1
1.990093385E0,-2.099812031E-3,4.309624434E-3,1.500740051E-1,1.501505547E-1
1.999992692E0,-4.126966000E-3,1.419934630E-2,1.350774765E-1,1.358844286E-1
2.010443077E0,-1.598367095E-2,2.000683546E-2,1.360931396E-1,1.384813845E-1
2.020070615E0,-1.289018989E-2,1.883792877E-2,1.421041489E-1,1.439257228E-1
2.029987231E0,-7.877141237E-3,8.821666241E-3,1.571054459E-1,1.575499675E-1
2.039998692E0,-2.933889627E-3,-6.976753473E-3,1.620931625E-1,1.622697635E-1
2.049984923E0,-6.936103106E-3,-1.072397828E-2,1.620817184E-1,1.625841219E-1
2.060346846E0,-1.285377145E-2,-3.569781780E-3,1.560792923E-1,1.566483586E-1
2.070017077E0,-9.808778763E-3,-1.447468996E-3,1.500749588E-1,1.504021295E-1
2.080002077E0,5.028367043E-3,3.602385521E-3,1.470661163E-1,1.471961420E-1
2.090011846E0,8.812248707E-3,7.592439651E-3,1.420574188E-1,1.425328422E-1
2.100143308E0,-1.260757446E-3,1.448637247E-2,1.440591812E-1,1.447912020E-1
2.110455539E0,-3.308445215E-3,1.636105776E-2,1.510629654E-1,1.519823988E-1
2.119997923E0,-4.342675209E-3,8.349537849E-3,1.560621262E-1,1.563456454E-1
2.129992615E0,-2.406477928E-3,4.396110773E-3,1.610574722E-1,1.611354284E-1
2.140118231E0,4.435032606E-3,7.404565811E-3,1.660499573E-1,1.662741273E-1
2.149986615E0,3.293454647E-3,4.449814558E-3,1.600418091E-1,1.601375295E-1
2.160231615E0,-1.773536205E-3,-1.428335905E-3,1.480331421E-1,1.480506560E-1
2.169986462E0,-1.839458942E-3,-3.280311823E-3,1.480236053E-1,1.480713740E-1
2.180008615E0,6.969094276E-3,3.770977259E-3,1.540145874E-1,1.542182923E-1
2.190080615E0,1.269730926E-2,1.170915365E-2,1.510057449E-1,1.519903317E-1
2.200156615E0,3.557145596E-3,9.665399790E-3,1.360015869E-1,1.363910000E-1
2.209996769E0,-5.447894335E-3,4.690557718E-3,1.320009232E-1,1.321965378E-1
2.220028077E0,-7.431536913E-3,5.708456039E-3,1.420001984E-1,1.423090670E-1
2.230665231E0,-5.447715521E-3,8.688569069E-3,1.490011215E-1,1.493536175E-1
2.240568539E0,-3.494799137E-3,7.687896490E-3,1.589984894E-1,1.592226020E-1
2.250137923E0,2.374649048E-3,9.665995836E-3,1.669940948E-1,1.672904604E-1
2.260207385E0,6.192892790E-3,1.358664036E-2,1.609907150E-1,1.616816596E-1
2.270505154E0,2.069294453E-3,1.448962092E-2,1.549892426E-1,1.556788245E-1
2.280132692E0,-3.972142935E-3,1.341119409E-2,1.589918137E-1,1.596058735E-1
2.290010231E0,-5.986094475E-3,8.402228355E-3,1.599912643E-1,1.603235336E-1
2.299986308E0,-1.092511415E-2,9.373128414E-3,1.499948502E-1,1.506840029E-1
2.309986769E0,-1.381596923E-2,1.722443104E-2,1.410064697E-1,1.427248631E-1
2.320091077E0,-1.666182280E-2,2.101624012E-2,1.360225677E-1,1.386413994E-1
2.329998231E0,-1.650944352E-2,1.883929968E-2,1.370372772E-1,1.393079190E-1
2.340654385E0,-1.143613458E-2,1.275670528E-2,1.430435181E-1,1.440658418E-1
2.350220231E0,-1.630097628E-2,9.723961353E-3,1.510515213E-1,1.522394145E-1
2.362307000E0,-1.814147830E-2,7.720202208E-3,1.530570984E-1,1.543217098E-1
2.369992385E0,-1.107683778E-2,2.783030272E-3,1.480569839E-1,1.484968420E-1
2.379991462E0,-5.095213652E-3,1.857519150E-3,1.450529099E-1,1.451542567E-1
2.390025000E0,-1.299780607E-2,1.929402351E-3,1.410541534E-1,1.416648854E-1
2.400101539E0,-2.078312635E-2,-3.915816545E-3,1.370563507E-1,1.386784599E-1
2.409986154E0,-1.072055101E-2,-1.066297293E-2,1.450462341E-1,1.458322298E-1
2.420185385E0,-1.790761948E-3,-6.467878819E-3,1.560354233E-1,1.561796837E-1
2.430048923E0,-2.846986055E-3,7.533252239E-3,1.570329666E-1,1.572393329E-1
2.440426231E0,-9.296834469E-4,1.542341709E-2,1.540346146E-1,1.548076503E-1
2.449986308E0,-1.007854939E-3,1.530936360E-2,1.500358582E-1,1.508182718E-1
2.462025539E0,-9.960621595E-3,7.309287786E-3,1.500377655E-1,1.505455770E-1
2.470038846E0,-1.583150029E-2,1.393288374E-3,1.510391235E-1,1.518729551E-1
2.479997308E0,-1.669290662E-2,1.477181911E-3,1.540422440E-1,1.549511153E-1
2.490003000E0,-8.671820164E-3,1.142850518E-2,1.620445251E-1,1.626783308E-1
2.500588308E0,-2.733647823E-3,7.436662912E-3,1.660423279E-1,1.662312589E-1
2.510151154E0,-6.738245487E-3,5.468785763E-3,1.610412598E-1,1.612749172E-1
2.519987692E0,-1.363992691E-2,9.439438581E-3,1.510457993E-1,1.519538880E-1
2.530077923E0,-7.213354111E-4,7.433831692E-3,1.440420151E-1,1.442355167E-1
2.539988615E0,5.113571882E-3,7.430374622E-3,1.490354538E-1,1.493081564E-1
2.550121846E0,1.283863187E-2,4.472255707E-3,1.540231705E-1,1.546220184E-1
2.562037769E0,1.256722212E-2,1.042750478E-2,1.500129700E-1,1.508991686E-1
2.569985539E0,9.341865778E-3,1.038536429E-2,1.530056000E-1,1.536419209E-1
2.580445615E0,-4.688113928E-3,7.387638092E-3,1.540050507E-1,1.542533994E-1
2.589996692E0,-7.675737143E-3,7.389247417E-3,1.560049057E-1,1.563683105E-1
2.600015308E0,-9.637445211E-3,4.433542490E-3,1.570043564E-1,1.573623353E-1
2.610284077E0,-2.690434456E-3,8.414149284E-3,1.450033188E-1,1.452721543E-1
2.619990077E0,-8.655250072E-3,1.332095265E-2,1.410083771E-1,1.419004001E-1
2.629986308E0,-2.046081424E-2,1.028004289E-2,1.510190964E-1,1.527451854E-1
2.639992462E0,-1.534077525E-2,2.352058887E-3,1.540203094E-1,1.548002819E-1
2.651309462E0,-4.374593496E-3,-3.493905067E-3,1.550121307E-1,1.551132010E-1
2.660100077E0,-7.367223501E-3,-3.830194473E-4,1.560077667E-1,1.561820923E-1
2.670002000E0,-1.426345110E-2,1.353344321E-2,1.550149918E-1,1.562569928E-1
2.680730769E0,-1.711639762E-2,1.936450601E-2,1.510295868E-1,1.532249694E-1
2.690087385E0,-1.401007175E-2,9.334474802E-3,1.480340958E-1,1.489882815E-1
2.699985846E0,-9.961664677E-3,1.417219639E-3,1.490335464E-1,1.493728263E-1
2.710248692E0,-4.985123873E-3,7.416158915E-3,1.510324478E-1,1.512965669E-1
2.719985923E0,-2.048790455E-3,1.727288961E-2,1.480360031E-1,1.490543809E-1
2.729994846E0,-2.111226320E-3,1.614484191E-2,1.470394135E-1,1.479381705E-1
2.739987615E0,1.770436764E-3,9.118080139E-3,1.490364075E-1,1.493255657E-1
2.749994385E0,4.612356424E-3,9.090185165E-3,1.470308304E-1,1.473837521E-1
2.761394462E0,7.414162159E-3,9.062647820E-3,1.470241547E-1,1.474896723E-1
2.769996000E0,6.233692169E-3,5.088835955E-3,1.420154572E-1,1.422432608E-1
2.780004000E0,-8.732557297E-3,3.145009279E-3,1.450128555E-1,1.453095899E-1
2.789988616E0,-1.659017801E-2,2.216577530E-3,1.490163803E-1,1.499534222E-1
2.800147308E0,-8.564025164E-3,-6.695985794E-4,1.530122757E-1,1.532532134E-1
2.809993769E0,-1.638054848E-3,-3.513991833E-3,1.600017548E-1,1.600487204E-1
2.820079000E0,-4.668325186E-3,-2.376884222E-3,1.599950790E-1,1.600808176E-1
2.829987462E0,-1.061362028E-2,5.648255348E-3,1.499948502E-1,1.504759343E-1
2.839987000E0,-1.746028662E-2,9.615182877E-3,1.490039825E-1,1.503313013E-1
2.849988692E0,-1.730677485E-2,1.692771912E-3,1.470060349E-1,1.480309569E-1
2.859997000E0,-5.321174860E-3,-3.161579370E-3,1.429986954E-1,1.431325867E-1
2.869987923E0,3.538846970E-3,-1.048177481E-3,1.419887543E-1,1.420367152E-1
2.879999923E0,1.425623894E-3,7.943093777E-3,1.509838104E-1,1.511993259E-1
2.891666769E0,2.299278975E-3,1.188153028E-2,1.539821625E-1,1.544569966E-1
2.900246231E0,3.163695335E-3,1.082527637E-2,1.419792175E-1,1.424264504E-1
2.911086154E0,-3.863543272E-3,1.075839996E-2,1.269798279E-1,1.274933207E-1
2.920061539E0,-9.806513786E-3,1.463988423E-2,1.349878311E-1,1.361330543E-1
2.930559462E0,-2.061659098E-2,1.454401016E-2,1.560001373E-1,1.580272600E-1
2.939990462E0,-2.635353804E-2,1.050782204E-2,1.610136032E-1,1.634940479E-1
2.949994692E0,-2.115982771E-2,1.047080755E-2,1.600227356E-1,1.617549135E-1
2.963510846E0,-5.186378956E-3,1.043447852E-2,1.570234299E-1,1.574551822E-1
2.969994539E0,-5.207270384E-3,1.039338112E-2,1.570234299E-1,1.574531536E-1
2.982269846E0,-7.198899984E-3,1.725283265E-2,1.490306854E-1,1.501986338E-1
2.990457385E0,-9.159564972E-3,1.316589117E-2,1.450366974E-1,1.459208070E-1
2.999999692E0,-1.405110955E-2,1.110816002E-2,1.480436325E-1,1.491232444E-1
3.015543616E0,-1.493909955E-2,9.088158607E-3,1.530494690E-1,1.540451599E-1
3.020003846E0,-1.285219193E-2,1.103654504E-2,1.510553360E-1,1.520022983E-1
3.030045231E0,-8.820623159E-3,1.394236088E-2,1.490612030E-1,1.499714475E-1
3.039996923E0,-6.817191839E-3,1.286321878E-2,1.490650177E-1,1.497742168E-1
3.050000231E0,-6.814926863E-3,7.856130600E-3,1.510648727E-1,1.514224481E-1
3.060579539E0,-1.887589693E-3,8.843779564E-3,1.620626450E-1,1.623147446E-1
3.070136308E0,-9.713768959E-4,6.858110428E-3,1.650590897E-1,1.652043593E-1
3.080013385E0,-3.027856350E-3,-1.019507647E-3,1.630506516E-1,1.630819496E-1
3.090013231E0,-8.011966944E-3,-1.887589693E-3,1.570444107E-1,1.572599807E-1
3.099988692E0,-7.004946470E-3,5.141735077E-3,1.480436325E-1,1.482984283E-1
3.109992539E0,-2.065598965E-3,1.108169556E-2,1.420450211E-1,1.424916092E-1
3.119985462E0,1.815259457E-3,1.102885604E-2,1.500415802E-1,1.504573249E-1
3.129998462E0,4.654705524E-3,1.394098997E-2,1.570386887E-1,1.577249734E-1
3.139999077E0,-8.322566748E-3,2.075308561E-2,1.510486603E-1,1.526946412E-1
3.150301769E0,-1.323056221E-2,1.958164573E-2,1.510601044E-1,1.528974943E-1
3.159995769E0,-1.412540674E-2,1.645365357E-2,1.510705948E-1,1.526190501E-1
3.170124539E0,-1.106864214E-2,1.436161995E-2,1.590766907E-1,1.601067284E-1
3.179996308E0,-8.054435253E-3,3.421872854E-3,1.600751877E-1,1.603142191E-1
3.189989769E0,-5.079478025E-3,-4.410594702E-3,1.570663452E-1,1.572103408E-1
3.201320462E0,-3.132671118E-3,3.645807505E-3,1.590604782E-1,1.591330929E-1
3.209987077E0,-2.199441195E-3,1.356583834E-2,1.600618362E-1,1.606507421E-1
3.220093231E0,-1.280039549E-3,7.570564747E-3,1.630592346E-1,1.632399030E-1
3.230542231E0,-4.320710897E-3,3.631293774E-3,1.650543213E-1,1.651507911E-1
3.239989000E0,1.561224461E-3,7.632642984E-3,1.610498428E-1,1.612381671E-1
3.253181308E0,6.372720003E-3,4.675894976E-3,1.560392380E-1,1.562393015E-1
3.260134077E0,1.260638237E-3,3.728389740E-3,1.570320129E-1,1.570813267E-1
3.270010539E0,-1.364287734E-2,3.780394793E-3,1.550340652E-1,1.556790958E-1
3.281289692E0,-1.158034801E-2,3.835409880E-3,1.610345840E-1,1.614959816E-1
3.290035385E0,-4.615277052E-3,7.836490870E-3,1.630334854E-1,1.632869521E-1
3.299985846E0,-4.651784897E-3,4.880636930E-3,1.680297852E-1,1.681650036E-1
3.310697231E0,-5.675166845E-3,3.938347101E-3,1.690254211E-1,1.691665188E-1
3.319990154E0,-9.643405676E-3,4.980981350E-3,1.670246124E-1,1.673768999E-1
3.332020616E0,-1.652008295E-2,2.064764500E-3,1.690254211E-1,1.698433672E-1
3.340089616E0,-1.343876123E-2,1.160293818E-3,1.710252762E-1,1.715563805E-1
3.349999692E0,-7.431149483E-3,4.208028316E-3,1.570224762E-1,1.572545310E-1
3.360182154E0,-9.387820959E-3,1.114895940E-2,1.440286636E-1,1.447642443E-1
3.369986000E0,-1.427423954E-2,1.404830813E-2,1.450366974E-1,1.464129518E-1
3.380075923E0,-1.515111327E-2,9.022593498E-3,1.480436325E-1,1.490901759E-1
3.390009769E0,-1.108762622E-2,8.012831211E-3,1.500463486E-1,1.506686684E-1
3.400004308E0,-5.113363266E-3,7.022261620E-3,1.590442657E-1,1.592813144E-1
3.409985846E0,-1.105511189E-2,4.071921110E-3,1.570444107E-1,1.574856913E-1
3.419987000E0,-1.690208912E-2,9.042263031E-3,1.430521011E-1,1.443306855E-1
3.429992231E0,-1.477831602E-2,7.042020559E-3,1.370582581E-1,1.380324410E-1
3.439997769E0,-6.762385368E-3,4.074722528E-3,1.350574493E-1,1.352880181E-1
3.450707385E0,-1.830518246E-3,1.891008019E-2,1.500616074E-1,1.512594722E-1
3.461082923E0,-3.874808550E-3,1.974472404E-2,1.600675583E-1,1.613272807E-1
3.470008154E0,-1.940786839E-3,1.266771555E-2,1.490688324E-1,1.496186969E-1
3.479992692E0,-3.973782063E-3,1.258537173E-2,1.420707703E-1,1.426824666E-1
3.493937923E0,-3.013491631E-3,-2.287209034E-3,1.310625076E-1,1.311170979E-1
3.499994616E0,-7.000178099E-3,-3.142595291E-3,1.360569000E-1,1.362731024E-1
3.510171923E0,-1.783725619E-2,6.860673428E-3,1.450634003E-1,1.463168707E-1
3.520345769E0,-2.261435986E-2,1.968863606E-2,1.510810852E-1,1.540277442E-1
3.529991000E0,-1.647627354E-2,1.853144169E-2,1.500930786E-1,1.521276246E-1
3.539992385E0,-9.428054094E-3,9.491652250E-3,1.380977631E-1,1.387442677E-1
3.549997846E0,-2.477198839E-3,-1.392722130E-3,1.310901642E-1,1.311209645E-1
3.560842846E0,-5.629360676E-4,7.009208202E-4,1.510829926E-1,1.510856672E-1
3.571046154E0,-6.502866745E-4,2.769231796E-3,1.600751877E-1,1.601004598E-1
3.580006616E0,-7.379353046E-4,2.838432789E-3,1.630697250E-1,1.630960958E-1
3.590014692E0,-8.714854717E-3,2.905607224E-3,1.600666046E-1,1.603300008E-1
3.600272000E0,-6.716161966E-3,6.914168596E-3,1.550664902E-1,1.553657907E-1
3.610030231E0,-3.757596016E-3,4.948645830E-3,1.510629654E-1,1.511907012E-1
3.621462539E0,-2.808213234E-3,2.020120621E-3,1.450576782E-1,1.450989213E-1
3.629986000E0,-3.845900297E-3,3.078371286E-3,1.480541229E-1,1.481360545E-1
3.639986000E0,-6.843179464E-3,7.082134485E-3,1.510534286E-1,1.513741195E-1
3.650893308E0,-1.079073548E-2,1.399543881E-2,1.570596695E-1,1.580507895E-1
3.661205923E0,-7.779628038E-3,1.884207129E-2,1.600666046E-1,1.613594254E-1
3.670060154E0,-9.738028049E-3,2.263000607E-2,1.530780792E-1,1.550478787E-1
3.680005692E0,-1.067736745E-2,2.043950558E-2,1.450901031E-1,1.469112576E-1
3.690102539E0,1.213759184E-3,1.630654931E-2,1.440916061E-1,1.450164395E-1
3.700102539E0,-1.919060946E-3,1.994669437E-2,1.501026154E-1,1.514343044E-1
3.710051769E0,-1.919060946E-3,1.994669437E-2,1.501026154E-1,1.514343044E-1
3.720070923E0,-9.877979755E-3,1.583319902E-2,1.541099548E-1,1.552357654E-1
3.730003692E0,-1.574790478E-2,2.162995934E-2,1.471242905E-1,1.495373147E-1
3.740574385E0,-1.561099291E-2,2.930489182E-2,1.381444931E-1,1.420787836E-1
3.749986846E0,-1.350587606E-2,2.898663282E-2,1.391639709E-1,1.427909114E-1
3.760155077E0,-7.491827011E-3,2.473780513E-2,1.451749802E-1,1.474579986E-1
3.770112539E0,-6.492853165E-3,2.350980043E-2,1.491861343E-1,1.511666978E-1
3.780496077E0,-7.481962442E-3,2.624616027E-2,1.501989365E-1,1.526583152E-1
3.789986462E0,-1.551270485E-3,1.809158921E-2,1.472034454E-1,1.483191370E-1
3.800078000E0,7.252931595E-3,6.111741066E-3,1.541948318E-1,1.544862601E-1
3.809993000E0,5.086123943E-3,5.150854588E-3,1.661853790E-1,1.663429595E-1
3.819986077E0,-6.918489933E-3,1.406958699E-2,1.651887894E-1,1.659311752E-1
3.830413385E0,-1.579308510E-2,2.285623550E-2,1.532039642E-1,1.557025488E-1
3.840000462E0,-1.566126943E-2,2.460715175E-2,1.442213058E-1,1.471413346E-1
3.850655077E0,-1.060199738E-2,1.943254471E-2,1.452312469E-1,1.469086152E-1
3.859986231E0,-2.659201622E-3,1.532340050E-2,1.532344818E-1,1.540217010E-1
3.870000616E0,1.228660345E-3,1.817649603E-2,1.552362442E-1,1.563015871E-1
3.879984846E0,-2.821773291E-3,1.900538802E-2,1.432418823E-1,1.445247523E-1
3.891607077E0,-9.769439697E-3,1.193180680E-2,1.382474899E-1,1.391049188E-1
3.900000385E0,-1.070326567E-2,1.185905933E-2,1.392536163E-1,1.401669249E-1
3.910040385E0,-8.668959141E-3,1.474753022E-2,1.412601471E-1,1.422921982E-1
3.919996000E0,-1.356458664E-2,1.463797688E-2,1.422700882E-1,1.436629610E-1
3.930012692E0,-1.248073578E-2,6.647169590E-3,1.482734680E-1,1.489462149E-1
3.939992616E0,-1.437562704E-2,-5.174994469E-3,1.552686691E-1,1.560185849E-1
3.949985231E0,-1.624542475E-2,-7.958203554E-3,1.562643051E-1,1.573079142E-1
3.959998385E0,-1.019269228E-2,-5.773574114E-3,1.472587585E-1,1.477239557E-1
3.970473616E0,-2.259254456E-3,4.276037216E-3,1.602525711E-1,1.603255291E-1
3.979995462E0,-3.313511610E-3,1.024788618E-2,1.682519913E-1,1.685963555E-1
3.989991154E0,-1.521071792E-2,1.120999455E-2,1.712579727E-1,1.722971942E-1
4.000021154E0,-2.200663090E-2,4.260569811E-3,1.612644196E-1,1.628147944E-1
4.009985923E0,-1.883810759E-2,3.609359264E-4,1.542663574E-1,1.554127202E-1
4.019997308E0,-1.374128461E-2,5.391448736E-3,1.542692184E-1,1.549738119E-1
4.030164231E0,-1.954746246E-2,9.355396032E-3,1.392793655E-1,1.409551999E-1
4.039986923E0,-2.034223080E-2,7.348597050E-3,1.392879486E-1,1.409572306E-1
4.050004154E0,-9.296506643E-3,7.341176271E-3,1.382894516E-1,1.387958585E-1
4.060040000E0,-1.368016005E-3,9.308397770E-3,1.432886124E-1,1.435971593E-1
4.069998616E0,-2.423703671E-3,1.519015431E-2,1.422920227E-1,1.431210497E-1
4.079986769E0,-5.432814360E-3,1.605376601E-2,1.362972260E-1,1.373469063E-1
4.089987846E0,4.690289497E-4,9.025931358E-3,1.442947388E-1,1.445775192E-1
4.099986154E0,9.244948626E-3,7.031023502E-3,1.512851715E-1,1.517303776E-1
4.109995616E0,4.094660282E-3,9.004175663E-3,1.452798843E-1,1.456162292E-1
4.119987000E0,-5.907148123E-3,5.028694868E-3,1.362791061E-1,1.364997324E-1
4.129989616E0,-1.181915402E-2,1.233220100E-4,1.322784424E-1,1.328054740E-1
4.140415693E0,-1.666009426E-2,-7.686614990E-4,1.322803497E-1,1.333275684E-1
4.151800462E0,-1.454052329E-2,-6.590783596E-4,1.412792206E-1,1.420270375E-1
4.159998385E0,-3.585100174E-3,4.398822784E-4,1.542739868E-1,1.543162644E-1
4.169990616E0,1.017788053E-2,5.466282368E-3,1.502618790E-1,1.507053475E-1
4.180445769E0,1.093029976E-2,9.436696768E-3,1.502532959E-1,1.509456049E-1
4.189997231E0,-3.120720387E-3,7.437825203E-3,1.532506943E-1,1.534628145E-1
4.200020462E0,-1.500016451E-2,6.448954344E-3,1.472568512E-1,1.481592865E-1
4.209987000E0,-8.965909481E-3,1.040461659E-2,1.482591629E-1,1.488939991E-1
4.219986693E0,-2.030372620E-3,9.375512600E-3,1.492586136E-1,1.495665617E-1
4.229998154E0,-1.175701618E-4,5.395770073E-3,1.382532120E-1,1.383585154E-1
4.240000231E0,2.753615379E-3,3.444284201E-3,1.382455826E-1,1.383158942E-1
4.249998616E0,-1.322925091E-3,5.473464727E-3,1.542415619E-1,1.543443176E-1
4.259992000E0,-4.145801067E-4,4.519671202E-3,1.622352600E-1,1.622987335E-1
4.271919000E0,4.428148270E-3,-1.355797052E-3,1.502227783E-1,1.502941443E-1
4.279992846E0,1.323550940E-3,-4.198998213E-3,1.322116852E-1,1.322849692E-1
4.290128846E0,-1.454770565E-2,-2.072423697E-3,1.322116852E-1,1.330257884E-1
4.300060077E0,-1.639944315E-2,3.969341516E-3,1.392154694E-1,1.402342480E-1
4.310067769E0,1.489341259E-3,1.091015339E-2,1.382131577E-1,1.386510964E-1
4.319986000E0,1.419574022E-2,1.381146908E-2,1.432046890E-1,1.445678342E-1
4.330094616E0,1.489242911E-2,2.456909418E-2,1.502037048E-1,1.529267072E-1
4.340437923E0,9.662389755E-3,2.728939056E-2,1.502075195E-1,1.529717998E-1
4.349986539E0,-1.409173012E-3,1.616257429E-2,1.482105255E-1,1.490958566E-1
4.362126693E0,-2.466440201E-3,1.012173295E-2,1.472101212E-1,1.475782930E-1
4.370011693E0,-3.507107496E-3,7.121235132E-3,1.442079544E-1,1.444262646E-1
4.380049539E0,-7.490009069E-3,9.091585875E-3,1.432104111E-1,1.436940465E-1
4.389984693E0,-5.505651236E-3,1.301229000E-2,1.502132416E-1,1.508762733E-1
4.400003693E0,1.381814480E-3,7.017076015E-3,1.502084732E-1,1.503786361E-1
4.409984462E0,3.243863583E-3,1.178979874E-4,1.471986771E-1,1.472344629E-1
4.420292539E0,-1.820236444E-3,-7.702410221E-4,1.431894302E-1,1.432030707E-1
4.430004539E0,-4.841357470E-3,-6.596148014E-4,1.431846619E-1,1.432680049E-1
4.439992539E0,-1.374804974E-2,6.360054016E-3,1.591863632E-1,1.599054639E-1
4.452873693E0,-7.732331753E-3,1.229065657E-2,1.481904984E-1,1.489002115E-1
4.461927385E0,-4.752248526E-3,1.319897175E-2,1.411943436E-1,1.418895323E-1
4.470491000E0,-9.708255529E-3,1.706194878E-2,1.492023468E-1,1.504882076E-1
4.479986308E0,-1.164200902E-2,1.693341136E-2,1.562118530E-1,1.575576714E-1
4.490038231E0,-1.750338078E-2,1.089593768E-2,1.652193069E-1,1.665007783E-1
4.499987154E0,-7.500499487E-3,2.965986729E-3,1.672153473E-1,1.674097576E-1
4.510671462E0,8.288472891E-3,6.976902485E-3,1.592063904E-1,1.595745929E-1
4.519996154E0,4.137068987E-3,9.939610958E-3,1.492023468E-1,1.495902788E-1
4.530051308E0,1.031547785E-3,1.088422537E-2,1.431999207E-1,1.436166694E-1
4.540005154E0,3.886491060E-3,4.910916090E-3,1.371936798E-1,1.373365490E-1
4.549995000E0,-3.157079220E-3,-2.946138382E-3,1.391839981E-1,1.392509684E-1
4.559987462E0,-1.503422856E-2,-8.719950914E-3,1.471796036E-1,1.482022310E-1
4.569986385E0,-1.590245962E-2,-1.046806574E-2,1.501731873E-1,1.513752119E-1
4.579987308E0,-1.478743553E-2,-6.275296211E-3,1.511688232E-1,1.520199352E-1
4.589986077E0,-1.171520352E-2,4.761397839E-3,1.501693726E-1,1.507008870E-1
4.600374308E0,-5.725920200E-3,9.725779295E-3,1.471719742E-1,1.476040885E-1
4.610553154E0,2.151191235E-3,8.169710636E-4,1.471624374E-1,1.471804269E-1
4.620185769E0,3.015697002E-3,-5.008637905E-3,1.501483917E-1,1.502621723E-1
4.630369693E0,-2.052098513E-3,-5.820959806E-3,1.601371765E-1,1.602560763E-1
4.639999308E0,-4.090070724E-3,-1.056745648E-2,1.561241150E-1,1.565347856E-1
4.650111308E0,-3.136605024E-3,-1.130321622E-2,1.451091766E-1,1.455825337E-1
4.660023154E0,-5.156099796E-3,2.760767937E-3,1.491060257E-1,1.492206893E-1
4.670000231E0,-6.167083979E-3,1.663798094E-2,1.591110229E-1,1.600973859E-1
4.679989077E0,-8.153140545E-3,1.158824563E-2,1.631145477E-1,1.637287904E-1
4.691312846E0,-8.135557175E-3,-4.248231649E-3,1.591062546E-1,1.593707470E-1
4.699990616E0,-2.202987671E-3,-7.042944431E-3,1.610956192E-1,1.612645489E-1
4.710633462E0,3.647506237E-3,-3.878980875E-3,1.710805893E-1,1.711634272E-1
4.721990693E0,3.502905369E-3,-2.733796835E-3,1.660680771E-1,1.661275119E-1
4.729992000E0,-6.499081850E-3,8.254110813E-3,1.510696411E-1,1.514344904E-1
4.739989846E0,-1.931130886E-2,1.907977462E-2,1.410846710E-1,1.436727143E-1
4.750415539E0,-1.616969705E-2,1.299396157E-2,1.420946121E-1,1.436007693E-1
4.760002154E0,-1.012396812E-2,1.084417105E-3,1.560926437E-1,1.564243719E-1
4.769987385E0,-8.105993271E-3,-4.744231701E-3,1.560850143E-1,1.563673449E-1
4.780105693E0,-8.080691099E-3,-6.549060345E-3,1.430768967E-1,1.434544740E-1
4.790194769E0,-1.101806760E-2,-9.315073490E-3,1.510696411E-1,1.517570587E-1
4.800041462E0,-1.096862555E-2,-1.401564479E-2,1.680574417E-1,1.689971975E-1
4.809986616E0,-1.092198491E-2,-8.786469698E-3,1.710481644E-1,1.716215789E-1
4.820115693E0,-1.185595989E-2,3.167688847E-4,1.610469818E-1,1.614831090E-1
4.831145693E0,-1.080566645E-2,4.200339317E-4,1.610441208E-1,1.614067771E-1
4.840056231E0,-8.781850338E-3,2.492904663E-3,1.630420685E-1,1.632974328E-1
4.851773231E0,-5.800276995E-3,9.471625090E-3,1.630420685E-1,1.634199223E-1
4.859987539E0,1.087456942E-3,4.517465830E-3,1.620349884E-1,1.621015963E-1
4.871283769E0,-2.962201834E-3,-7.276475430E-3,1.470241547E-1,1.472339084E-1
4.880288616E0,-1.187619567E-2,-1.003178954E-2,1.370162964E-1,1.378954180E-1
4.889998231E0,-1.080697775E-2,-7.819414139E-3,1.380081177E-1,1.386512696E-1
4.899991462E0,-1.874804497E-3,1.267015934E-3,1.530017853E-1,1.530185169E-1
4.910271693E0,8.905798197E-3,1.417475939E-2,1.559972763E-1,1.568929165E-1
4.923078000E0,8.016824722E-4,1.013368368E-2,1.489953995E-1,1.493417668E-1
4.929998616E0,-1.507875323E-2,8.122503757E-3,1.499996185E-1,1.509742674E-1
4.940083539E0,-2.087429166E-2,1.303946972E-2,1.470127106E-1,1.490587163E-1
4.950282462E0,-1.574271917E-2,1.098555326E-2,1.470212936E-1,1.482692698E-1
4.960649385E0,-8.713424206E-3,1.093479991E-2,1.500234604E-1,1.506735952E-1
4.970293923E0,-3.754585981E-3,1.088616252E-2,1.540250778E-1,1.544549450E-1
4.981549769E0,3.106653690E-3,3.936827183E-3,1.560163498E-1,1.560969292E-1
4.990514231E0,3.956705332E-3,1.027047634E-3,1.540069580E-1,1.540612004E-1
5.000000000E0,-3.090500832E-3,-3.818899393E-3,1.509971619E-1,1.510770601E-1
5.010053154E0,-4.127413034E-3,-1.689255238E-3,1.499891281E-1,1.500554153E-1
5.020028385E0,-2.188473940E-3,5.336999893E-3,1.479864120E-1,1.480987884E-1
5.031972000E0,-1.407662034E-2,1.028975844E-2,1.409931183E-1,1.420672016E-1
5.040111539E0,-1.692369580E-2,1.122769713E-2,1.430015564E-1,1.444365528E-1
5.050106693E0,-1.777011156E-2,1.314848661E-2,1.530122757E-1,1.546008282E-1
5.060079693E0,-1.663771272E-2,1.406177878E-2,1.590204239E-1,1.605055835E-1
5.076942385E0,-5.652546883E-3,1.002642512E-2,1.570224762E-1,1.574437630E-1
5.090000077E0,-3.703862429E-3,1.591765881E-2,1.550254822E-1,1.558845425E-1
5.100038462E0,-3.745377064E-3,2.565985918E-2,1.510353088E-1,1.532452960E-1
5.110001308E0,-4.770666361E-3,2.540230751E-2,1.490468979E-1,1.512713266E-1
5.120010077E0,-2.825587988E-3,1.825064421E-2,1.530513763E-1,1.541615833E-1
5.129997385E0,2.052515745E-3,6.264001131E-3,1.480445862E-1,1.481912616E-1
5.139999923E0,-4.967004061E-3,1.345753670E-3,1.440410614E-1,1.441329579E-1
5.150001462E0,-1.485261321E-2,4.388898611E-3,1.530437469E-1,1.538253914E-1
5.160002154E0,-1.178410649E-2,1.429572701E-2,1.560516357E-1,1.571475294E-1
5.170117000E0,-2.837836742E-3,2.011486888E-2,1.500558853E-1,1.514246677E-1
5.180002077E0,1.054555178E-3,2.091962099E-2,1.480617523E-1,1.495360329E-1
5.189989154E0,-3.982543945E-3,1.579958200E-2,1.500644684E-1,1.509464545E-1
5.199987077E0,-4.018366337E-3,1.876175404E-3,1.490602493E-1,1.491262057E-1
5.210027846E0,-4.049748182E-3,-1.185163856E-2,1.420469284E-1,1.425980072E-1
5.220016154E0,-5.066424608E-3,-1.059782505E-2,1.420345306E-1,1.425194388E-1
5.230039000E0,-4.102379084E-3,6.415575743E-3,1.500310898E-1,1.502242225E-1
5.240041539E0,-4.142016172E-3,1.531177759E-2,1.610355377E-1,1.618148672E-1
5.249998231E0,-1.009649038E-2,6.329387426E-3,1.560363770E-1,1.564907384E-1
5.260033923E0,-1.497131586E-2,-1.547336578E-3,1.430358887E-1,1.438255888E-1
5.269995231E0,-1.780039072E-2,7.442653179E-3,1.380434036E-1,1.393851796E-1
5.279997539E0,-1.369750500E-2,1.335480809E-2,1.470518112E-1,1.482909563E-1
5.291685231E0,2.040863037E-4,1.426109672E-2,1.550512314E-1,1.557058280E-1
5.299986923E0,7.011175156E-3,1.515319943E-2,1.540489197E-1,1.549511074E-1
5.309985231E0,-8.216500282E-5,1.406025887E-2,1.530494690E-1,1.536939738E-1
5.320914769E0,-1.751780510E-4,3.122627735E-3,1.560420990E-1,1.560734383E-1
5.329985923E0,7.202029228E-4,1.210600138E-3,1.540346146E-1,1.540410553E-1
5.341857077E0,-1.516428590E-2,2.285569906E-3,1.560354233E-1,1.567872211E-1
5.351240000E0,-2.394336462E-2,-4.543185234E-3,1.710367203E-1,1.727642467E-1
5.360059308E0,-2.273920178E-2,-1.413047314E-3,1.710386276E-1,1.725493557E-1
5.370233077E0,-1.858723164E-2,4.634350538E-3,1.670427322E-1,1.681375531E-1
5.380006385E0,-1.547834277E-2,4.681617022E-3,1.690454483E-1,1.698171376E-1
5.389990077E0,-1.635935903E-2,3.742843866E-3,1.710472107E-1,1.718685131E-1
5.399986077E0,-1.130414009E-2,9.719729424E-3,1.650514603E-1,1.657233878E-1
5.409987616E0,-1.124113798E-2,1.461946964E-2,1.530580521E-1,1.541650394E-1
5.419999616E0,-1.314657927E-2,1.451528072E-2,1.470670700E-1,1.483652554E-1
5.430087154E0,-1.223772764E-3,3.569632769E-3,1.530609131E-1,1.531074231E-1
5.439993693E0,6.724894047E-4,1.650810242E-3,1.530523300E-1,1.530627098E-1
5.449996770E0,1.556903124E-3,2.716004848E-3,1.510457993E-1,1.510782383E-1
5.459992539E0,-2.509087324E-3,4.762262106E-3,1.690406799E-1,1.691263614E-1
5.470203000E0,-1.145836711E-2,2.158734202E-2,1.740503311E-1,1.757578598E-1
5.479987308E0,-1.337745786E-2,2.732843161E-2,1.680669785E-1,1.707990304E-1
5.490002616E0,-1.131939888E-2,2.706420422E-2,1.610813141E-1,1.637308453E-1
5.499986000E0,1.560032368E-3,9.050607681E-3,1.660766602E-1,1.663304069E-1
5.509986231E0,6.373435259E-3,1.593828201E-4,1.690626144E-1,1.691827819E-1
5.519998154E0,2.693533897E-4,1.210653782E-2,1.690616608E-1,1.694947962E-1
5.530652770E0,-9.697318077E-3,2.389001846E-2,1.650724411E-1,1.670738812E-1
5.540316077E0,-1.359567046E-2,1.182383299E-2,1.470804214E-1,1.481799435E-1
5.550609385E0,-1.053604484E-2,7.813513279E-3,1.450824738E-1,1.456742373E-1
5.560021308E0,-1.541996002E-2,6.827086210E-3,1.600875854E-1,1.609733496E-1
5.570136923E0,-1.826718450E-2,7.828623056E-3,1.630935669E-1,1.642999967E-1
5.580236000E0,-7.264345884E-3,1.177451015E-2,1.620960236E-1,1.626853732E-1
5.590001231E0,-1.342028379E-3,1.171818376E-2,1.560955048E-1,1.565404851E-1
5.600014616E0,-1.028507948E-2,7.708221674E-3,1.430978775E-1,1.436739437E-1
5.610627770E0,-1.614379883E-2,3.754884005E-3,1.431016922E-1,1.440583760E-1
5.619992000E0,-1.700377464E-2,2.822101116E-3,1.571035385E-1,1.580462414E-1
5.631088616E0,-1.095721126E-2,-2.038925886E-3,1.711006165E-1,1.714632283E-1
5.639986077E0,1.916944981E-3,5.990803242E-3,1.690931320E-1,1.692100815E-1
5.651667923E0,9.686112404E-3,1.884108782E-2,1.630916595E-1,1.644618399E-1
5.659985923E0,3.541380167E-3,1.572677493E-2,1.550903320E-1,1.559258924E-1
5.669996231E0,-9.420901537E-3,6.737112999E-3,1.530914307E-1,1.535289166E-1
5.679998385E0,-1.630103588E-2,1.169046760E-2,1.690979004E-1,1.702835597E-1
5.690076616E0,-9.285688400E-3,1.856583357E-2,1.851043701E-1,1.862647095E-1
5.700116616E0,-2.358496189E-3,1.251584291E-2,1.801042557E-1,1.805540134E-1
5.709990308E0,1.522600651E-3,3.575116396E-3,1.620960236E-1,1.621425935E-1
5.720007616E0,4.367470741E-3,3.626197577E-3,1.480875015E-1,1.481962625E-1
5.732291385E0,6.186693907E-3,7.618248463E-3,1.450796127E-1,1.454111651E-1
5.740277923E0,1.074075699E-3,8.607357740E-3,1.600761414E-1,1.603109830E-1
5.749987616E0,-8.907318115E-3,8.604109287E-3,1.730775833E-1,1.735200878E-1
5.763933693E0,-2.072736621E-2,5.642026663E-3,1.680831909E-1,1.694503327E-1
5.770109462E0,-1.659378409E-2,6.656140089E-3,1.620874405E-1,1.630705253E-1
5.780026000E0,-5.612224340E-3,7.656604052E-3,1.570863724E-1,1.573729616E-1
5.790946539E0,6.204754114E-3,-2.205848694E-3,1.570730209E-1,1.572110004E-1
5.800001308E0,6.024807692E-3,-2.070963383E-3,1.560602188E-1,1.561902017E-1
5.809999231E0,9.160339832E-4,6.938487291E-3,1.570539474E-1,1.572098093E-1
5.819996308E0,-4.124045372E-3,1.188164949E-2,1.600561142E-1,1.605494972E-1
5.830236539E0,-8.104562759E-3,1.379245520E-2,1.530599594E-1,1.538936871E-1
5.839986231E0,-5.125492811E-3,1.370176673E-2,1.500625610E-1,1.507739411E-1
5.850138154E0,1.751214266E-3,1.461055875E-2,1.630630493E-1,1.637256645E-1
5.859985539E0,6.562829018E-3,1.550683379E-2,1.650600433E-1,1.659166975E-1
5.870217770E0,8.348554373E-3,1.245287061E-2,1.740531921E-1,1.746976990E-1
5.879996539E0,6.163924932E-3,1.239794493E-2,1.720485687E-1,1.726047885E-1
5.890079385E0,-4.864960909E-3,1.430559158E-2,1.570510864E-1,1.577763022E-1
5.900502308E0,-2.915561199E-3,1.716271043E-2,1.480560303E-1,1.490759780E-1
5.910268462E0,2.948284149E-3,1.209458709E-2,1.490545273E-1,1.495734720E-1
5.920049000E0,5.773305893E-3,9.067893028E-3,1.490468979E-1,1.494340507E-1
5.929985923E0,2.643674612E-3,9.038925171E-3,1.440439224E-1,1.443514557E-1
5.940567693E0,-1.523280144E-2,-8.447468281E-4,1.500434875E-1,1.508171078E-1
5.949997462E0,-1.906520128E-2,-7.261931896E-4,1.600446701E-1,1.611778697E-1
5.960143923E0,-1.594826579E-2,5.313336849E-3,1.680479050E-1,1.688865806E-1
5.969985539E0,-1.035928726E-3,1.522180438E-2,1.740484238E-1,1.747158559E-1
5.979986000E0,1.835972071E-3,1.513591409E-2,1.790466309E-1,1.796946374E-1
5.989991846E0,-1.247465611E-3,1.306983829E-2,1.690464020E-1,1.695554861E-1
6.000004462E0,-4.285544157E-3,7.080435753E-3,1.610450745E-1,1.612576028E-1
6.010910616E0,5.539774895E-3,1.850724220E-4,1.540327072E-1,1.541324049E-1
6.021014385E0,-1.531928778E-3,3.243088722E-3,1.500263214E-1,1.500691892E-1
6.030604770E0,-3.573447466E-3,6.256908178E-3,1.490240097E-1,1.491981029E-1
6.040080231E0,-5.589336157E-3,1.120445132E-2,1.540260315E-1,1.545341347E-1
6.049992693E0,-3.634274006E-3,7.210344076E-3,1.570234299E-1,1.572308956E-1
6.059997231E0,-1.708269119E-3,2.287775278E-3,1.620178223E-1,1.620429783E-1
6.070037846E0,4.136979580E-3,8.280187845E-3,1.590108871E-1,1.592800626E-1
6.080436308E0,1.027315855E-3,1.320034266E-2,1.550102234E-1,1.555746566E-1
6.090404231E0,-1.053571701E-3,9.178191423E-3,1.560077667E-1,1.562810689E-1
6.101128231E0,3.797918558E-3,-7.058978081E-4,1.539974213E-1,1.540458641E-1
6.109985923E0,6.984174252E-4,3.881156445E-4,1.389884949E-1,1.389907915E-1
6.120007385E0,-6.297439337E-3,1.132029295E-2,1.369924545E-1,1.376035587E-1
6.130042846E0,-1.320225000E-2,1.520749927E-2,1.490011215E-1,1.503559166E-1
6.139997308E0,-1.409426332E-2,1.411029696E-2,1.490097046E-1,1.503384209E-1
6.149990231E0,-1.299601793E-2,8.093923330E-3,1.420154572E-1,1.428383637E-1
6.160901923E0,-1.388701797E-2,9.065508842E-3,1.430196762E-1,1.439779862E-1
6.170494385E0,-1.082468033E-2,1.396912336E-2,1.490268707E-1,1.500710442E-1
6.180070616E0,-5.837380886E-3,1.190724969E-2,1.530303955E-1,1.536039048E-1
6.189991077E0,-5.854010582E-3,8.893400431E-3,1.630306244E-1,1.633779254E-1
6.200001462E0,-3.903120756E-3,5.927264690E-3,1.740255356E-1,1.741701865E-1
6.210017539E0,-2.712011337E-6,2.011209726E-3,1.680183411E-1,1.680303779E-1
6.219989539E0,-5.028069019E-3,5.047589540E-3,1.570148468E-1,1.571764033E-1
6.229995923E0,-1.392656565E-2,6.068199873E-3,1.540184021E-1,1.547657600E-1
6.239996231E0,-1.382315159E-2,6.086051464E-3,1.500225067E-1,1.507808743E-1
6.250004616E0,2.054989338E-3,7.087320089E-3,1.470165253E-1,1.472016025E-1
6.259990000E0,1.179328561E-2,9.060621262E-3,1.480073929E-1,1.487526968E-1
6.270301308E0,5.619287491E-3,1.396855712E-2,1.530046463E-1,1.537436788E-1
6.280056616E0,-2.443671227E-3,1.881566644E-2,1.600084305E-1,1.611294469E-1
6.289994000E0,-2.509593964E-3,1.670053601E-2,1.690111160E-1,1.698527695E-1
6.300121462E0,1.374095678E-3,7.702440023E-3,1.610069275E-1,1.611969182E-1
6.310589539E0,1.264840364E-3,5.721360445E-3,1.440019608E-1,1.441211244E-1
6.320001462E0,-8.171498775E-4,4.758417606E-3,1.499967575E-1,1.500744400E-1
6.330372077E0,-9.006559849E-4,8.542239666E-4,1.599874496E-1,1.599922652E-1
6.340240539E0,2.980232239E-6,-3.734230995E-5,1.589784622E-1,1.589784666E-1
6.349987077E0,-5.021184683E-3,6.809830666E-5,1.549730301E-1,1.550543678E-1
6.359987846E0,-1.392099261E-2,2.144873142E-3,1.559743881E-1,1.566090810E-1
6.371087770E0,-1.284483075E-2,-2.705901861E-3,1.659708023E-1,1.664890951E-1
6.380071693E0,-8.820056915E-3,-5.520701408E-3,1.629629135E-1,1.632947725E-1
6.390215077E0,-1.175251603E-2,5.788207054E-4,1.599607468E-1,1.603929461E-1
6.401382693E0,-1.760929823E-2,6.598681211E-3,1.649665833E-1,1.660349468E-1
6.410895616E0,-1.746785641E-2,2.672344446E-3,1.649684906E-1,1.659122368E-1
6.419998308E0,-1.732572913E-2,5.702733994E-3,1.619720459E-1,1.629958457E-1
6.429993385E0,-1.619657874E-2,8.689641953E-3,1.589784622E-1,1.600374659E-1
6.439987693E0,-1.705542207E-2,7.690578699E-3,1.589841843E-1,1.600812396E-1
6.449996462E0,-1.987969875E-2,6.708294153E-3,1.629915237E-1,1.643363637E-1
6.459986846E0,-1.575690508E-2,2.777576447E-3,1.599931717E-1,1.607911999E-1
6.471431770E0,-1.267024875E-2,-3.073692322E-3,1.509895325E-1,1.515513830E-1
6.479985923E0,-6.668448448E-3,1.016110182E-3,1.499853134E-1,1.501369206E-1
6.490157770E0,6.149888039E-3,1.293644309E-2,1.509819031E-1,1.516598422E-1
6.500683385E0,5.504488945E-5,1.877409220E-2,1.509857178E-1,1.521484687E-1
6.509997616E0,-9.897321463E-3,7.767677307E-3,1.499872208E-1,1.505139866E-1
6.520002231E0,-6.889462471E-3,-2.099424601E-3,1.449813843E-1,1.451601669E-1
6.529986462E0,-9.840339422E-3,8.875906467E-3,1.469850540E-1,1.475812322E-1
6.539987770E0,-1.176875830E-2,1.477274299E-2,1.529922485E-1,1.541537081E-1
6.549995154E0,-6.769359112E-3,6.784200668E-3,1.559925079E-1,1.562866345E-1
6.560783385E0,2.108305693E-3,-4.054605961E-3,1.429796219E-1,1.430526374E-1
6.570874539E0,-4.910111427E-3,1.030564308E-3,1.429748535E-1,1.430628533E-1
6.580371462E0,-1.380702853E-2,6.048738956E-3,1.499786377E-1,1.507342464E-1
6.589994846E0,-2.456358075E-2,1.297718287E-2,1.599912643E-1,1.623852870E-1
6.600794616E0,-1.938247681E-2,7.968932390E-3,1.510000229E-1,1.524473391E-1
6.609997231E0,-5.395501852E-3,-1.901924610E-3,1.439933777E-1,1.441069796E-1
6.620048693E0,-1.463353634E-3,1.946389675E-4,1.389865875E-1,1.389944272E-1
6.629986539E0,-1.139250398E-2,1.212382317E-2,1.469926834E-1,1.479311502E-1
6.640033462E0,-1.034954190E-2,1.502788067E-2,1.649980545E-1,1.660039403E-1
6.650062000E0,-6.362587214E-3,8.029609919E-3,1.679983139E-1,1.683103996E-1
6.659986539E0,-5.385249853E-3,2.108842134E-3,1.609935760E-1,1.610974229E-1
6.669988770E0,-1.455396414E-3,3.164589405E-3,1.439876556E-1,1.440297809E-1
6.679986154E0,-4.477500916E-3,9.128034115E-3,1.359882355E-1,1.363677719E-1
6.689986000E0,-1.042282581E-2,1.304674149E-2,1.499938965E-1,1.509205809E-1
6.699994000E0,-7.417708635E-3,1.494842768E-2,1.609992981E-1,1.618618296E-1
6.710056462E0,-5.061626434E-4,1.780524850E-2,1.560029984E-1,1.570166188E-1
6.720388154E0,3.946125507E-4,1.469975710E-2,1.490030289E-1,1.497268887E-1
6.729991539E0,-1.673728228E-3,7.692486048E-3,1.479997635E-1,1.482089933E-1
6.740003000E0,-7.663011551E-3,3.747612238E-3,1.569976807E-1,1.572292532E-1
6.750008847E0,-1.160275936E-2,5.778521299E-3,1.659994125E-1,1.665047155E-1
6.760000308E0,-1.055747271E-2,1.271501184E-2,1.660041809E-1,1.668248178E-1
6.769985616E0,-5.580663681E-3,1.561257243E-2,1.670074463E-1,1.678284342E-1
6.779985462E0,-5.605667830E-3,1.452848315E-2,1.710100174E-1,1.717175774E-1
6.789999000E0,-1.154699922E-2,1.838761568E-2,1.660203934E-1,1.674341919E-1
6.799992385E0,-1.148253679E-2,1.330864429E-2,1.570253372E-1,1.580060923E-1
6.810003539E0,-1.240211725E-2,2.381116152E-3,1.530256271E-1,1.535458394E-1
6.819986770E0,-9.367793798E-3,2.454400063E-3,1.590232849E-1,1.593178734E-1
6.830414539E0,-3.418833017E-3,1.436555386E-2,1.630258560E-1,1.636932720E-1
6.840210385E0,-6.426870823E-3,1.723447442E-2,1.600313187E-1,1.610849302E-1
6.850057770E0,-1.235023141E-2,1.414382458E-2,1.570386887E-1,1.581572816E-1
6.859987000E0,-1.522710919E-2,9.118616581E-3,1.500444412E-1,1.510905304E-1
6.869995770E0,-1.116108894E-2,1.303657889E-2,1.490516663E-1,1.500364006E-1
6.879986308E0,-4.196733236E-3,1.986160874E-2,1.530580521E-1,1.543983917E-1
6.889985693E0,-5.221605301E-3,2.364179492E-2,1.600675583E-1,1.618883036E-1
6.900084847E0,-7.221609354E-3,1.849845052E-2,1.650743484E-1,1.662645026E-1
6.910428231E0,-5.247354507E-3,8.490562439E-3,1.610736847E-1,1.613826393E-1
6.919999000E0,-4.281580448E-3,6.504535675E-3,1.550703049E-1,1.552657089E-1
6.929998385E0,-1.220139861E-2,6.516426802E-3,1.500740051E-1,1.507101356E-1
6.940834616E0,-1.507452130E-2,-1.361608505E-3,1.440744400E-1,1.448673166E-1
6.951487693E0,-1.619756222E-4,-7.156074047E-3,1.390600204E-1,1.392441199E-1
6.959988847E0,1.723319292E-3,-3.997743130E-3,1.410484314E-1,1.411155972E-1
6.969987077E0,-1.348823309E-3,5.031883717E-3,1.450433731E-1,1.451368983E-1
6.979994154E0,-5.366593599E-3,1.196679473E-2,1.510467529E-1,1.516150589E-1
6.991059923E0,-1.525267959E-2,1.289686561E-2,1.600542068E-1,1.612957610E-1
7.000049847E0,-1.711425185E-2,8.883565664E-3,1.620607376E-1,1.632038542E-1
7.010154000E0,-9.080171585E-3,4.919260740E-3,1.530599594E-1,1.534079523E-1
7.019986847E0,-1.155823469E-3,1.993566751E-3,1.470546722E-1,1.470727264E-1
7.030465847E0,-3.209203482E-3,3.060340881E-3,1.600484848E-1,1.601099065E-1
7.040112154E0,-1.214188337E-2,1.682639122E-4,1.670465469E-1,1.674873204E-1
7.050523385E0,-1.897540689E-2,2.730488777E-4,1.600484848E-1,1.611696563E-1
7.059992539E0,-1.782107353E-2,3.333151340E-3,1.560525894E-1,1.571022318E-1
7.070001077E0,-1.273885369E-2,1.226812601E-2,1.590585709E-1,1.600387899E-1
7.080976539E0,-9.704798460E-3,1.911500096E-2,1.610670090E-1,1.624873772E-1
7.090004154E0,-5.725979805E-3,1.995208859E-2,1.650733948E-1,1.663733703E-1
7.100663231E0,1.725256443E-4,1.387217641E-2,1.660737991E-1,1.666522541E-1
7.109986077E0,1.060873270E-3,6.883978844E-3,1.590671539E-1,1.592195782E-1
7.121488539E0,-3.978163004E-3,8.864969015E-3,1.540670395E-1,1.543731392E-1
7.130057308E0,-6.975561380E-3,1.081916690E-2,1.550693512E-1,1.556027523E-1
7.140221462E0,-9.933173656E-3,6.831467152E-3,1.570701599E-1,1.575321301E-1
7.149988000E0,-1.581105590E-2,5.858749151E-3,1.610746384E-1,1.619547886E-1
7.159996770E0,-1.668033004E-2,4.901409149E-3,1.650781631E-1,1.659911358E-1
7.171186770E0,-6.687968969E-3,4.944503307E-3,1.650753021E-1,1.652847011E-1
7.179991693E0,-4.720836878E-3,8.930116892E-3,1.620740891E-1,1.623885576E-1
7.190046770E0,-6.727427244E-3,5.958676338E-3,1.650733948E-1,1.653178447E-1
7.199991693E0,-6.734997034E-3,5.001544952E-3,1.670703888E-1,1.672808729E-1
7.209991693E0,-5.756586790E-3,8.990436792E-3,1.680707932E-1,1.684094943E-1
7.219991154E0,-2.820491791E-3,1.490259171E-2,1.730728149E-1,1.737361266E-1
7.229991462E0,-4.857152700E-3,1.975271106E-2,1.770772934E-1,1.782417722E-1
7.240002000E0,-1.179832220E-2,1.466658711E-2,1.680831909E-1,1.691338767E-1
7.249999385E0,-1.271846890E-2,1.062706113E-2,1.590881348E-1,1.599491435E-1
7.259996539E0,-6.721109152E-3,1.058670878E-2,1.570901871E-1,1.575899064E-1
7.270787000E0,-5.736798048E-3,6.601423025E-3,1.570882797E-1,1.573315520E-1
7.282305693E0,-8.708029985E-3,1.683682203E-3,1.500864029E-1,1.503482388E-1
7.289996770E0,-5.712896585E-3,-3.172725439E-3,1.410799026E-1,1.412311662E-1
7.300562539E0,1.916289330E-4,2.889603376E-3,1.480731964E-1,1.481015126E-1
7.309989770E0,-2.866834402E-3,1.085051894E-2,1.650724411E-1,1.654535080E-1
7.320127770E0,-5.889326334E-3,7.858365774E-3,1.730709076E-1,1.733492923E-1
7.329986154E0,-8.871287107E-3,6.878644228E-3,1.730709076E-1,1.734345829E-1
7.339988077E0,-9.832918644E-3,4.919141531E-3,1.610708237E-1,1.614456394E-1
7.349992616E0,-4.856646061E-3,2.241134644E-5,1.480646133E-1,1.481442447E-1
7.359991231E0,-3.891229630E-3,-3.821760416E-3,1.450557709E-1,1.451582729E-1
7.369990539E0,-4.912167788E-3,2.761781216E-4,1.450500488E-1,1.451334639E-1
7.379990539E0,1.969039440E-3,7.272034883E-3,1.430463791E-1,1.432446375E-1
7.389996616E0,2.834856510E-3,1.122042537E-2,1.550436020E-1,1.554749268E-1
7.400094923E0,7.292032242E-4,7.226258516E-3,1.570377350E-1,1.572056003E-1
7.410143385E0,-5.291104317E-3,3.285646439E-3,1.540346146E-1,1.541604805E-1
7.419985923E0,-1.121580601E-2,6.292462349E-3,1.380376816E-1,1.386354606E-1
7.429989000E0,-1.114407182E-2,3.344029188E-3,1.410379410E-1,1.415170437E-1
7.439985000E0,-6.152749062E-3,3.402084112E-3,1.550350189E-1,1.551943542E-1
7.450005616E0,-9.120702744E-3,7.404863834E-3,1.560363770E-1,1.564780181E-1
7.460085770E0,-7.111310959E-3,6.415843964E-3,1.470365524E-1,1.473481644E-1
7.470042847E0,-9.070366621E-3,8.395045996E-3,1.420392990E-1,1.425759826E-1
7.480040308E0,-1.100564003E-2,1.330798864E-2,1.470460892E-1,1.480566750E-1
7.489994616E0,-8.979320526E-3,2.013927698E-2,1.610546112E-1,1.625570868E-1
7.500005385E0,-6.982713938E-3,1.899021864E-2,1.650609970E-1,1.662964805E-1
7.509985847E0,-6.979942322E-3,6.011933088E-3,1.550598145E-1,1.553332192E-1
7.520058077E0,-9.932875633E-3,-2.843558788E-3,1.510562897E-1,1.514092154E-1
7.529986616E0,-8.902400732E-3,-7.279217243E-4,1.540517807E-1,1.543105108E-1
7.540028923E0,-3.942549229E-3,-6.131231785E-4,1.560449600E-1,1.560959614E-1
7.549985231E0,-3.979146481E-3,5.413800478E-3,1.500415802E-1,1.501919393E-1
7.559986077E0,-1.092207432E-2,8.402794600E-3,1.560449600E-1,1.566522525E-1
7.572255539E0,-9.884536266E-3,9.383350611E-3,1.630468369E-1,1.636154709E-1
7.580879539E0,-9.845644236E-3,1.330745220E-2,1.590518951E-1,1.599110076E-1
7.590725616E0,-9.799480438E-3,1.420933008E-2,1.500587463E-1,1.510482116E-1
7.600460231E0,-1.073125005E-2,8.188366890E-3,1.380615234E-1,1.387198376E-1
7.609991693E0,-1.164785028E-2,3.238588572E-3,1.360635757E-1,1.365996249E-1
7.619984847E0,-1.156681776E-2,3.288894892E-3,1.370649338E-1,1.375914393E-1
7.630093616E0,-4.590928555E-3,6.298571825E-3,1.420631409E-1,1.422767888E-1
7.639986077E0,-6.761550903E-4,8.287966251E-3,1.550598145E-1,1.552826250E-1
7.649992923E0,-8.653610945E-3,1.222693920E-2,1.590633392E-1,1.597671084E-1
7.659985847E0,-1.060107350E-2,5.259633064E-3,1.570644379E-1,1.575096319E-1
7.669998077E0,-8.575856686E-3,-4.570484161E-3,1.550569534E-1,1.553611710E-1
7.680739308E0,-6.572782993E-3,-3.419548273E-3,1.450510025E-1,1.452401050E-1
7.689986077E0,-6.565362215E-3,2.640455961E-3,1.380481720E-1,1.382294244E-1
7.702509539E0,-1.543441415E-2,1.717090607E-3,1.440505981E-1,1.448852800E-1
7.711120847E0,-1.925799251E-2,-3.133863211E-3,1.530504227E-1,1.542890899E-1
7.719995616E0,-9.226441383E-3,-3.971546888E-3,1.590442657E-1,1.593611586E-1
7.729990385E0,6.668567657E-4,7.039755583E-3,1.620397568E-1,1.621939753E-1
7.739986693E0,-4.249513149E-4,1.987481117E-2,1.620435715E-1,1.632584079E-1
7.749991462E0,-5.443155766E-3,2.167534828E-2,1.530513763E-1,1.546744079E-1
7.760005847E0,-4.468977451E-3,1.456534863E-2,1.420564651E-1,1.428711323E-1
7.770332539E0,-2.528667450E-3,1.150926948E-2,1.530561447E-1,1.535090905E-1
7.780014770E0,-6.151199341E-4,1.145488024E-2,1.560554504E-1,1.564765039E-1
7.791188000E0,-7.044672966E-4,1.543968916E-3,1.670475006E-1,1.670561210E-1
7.799998923E0,-5.724966526E-3,6.451010704E-4,1.660423279E-1,1.661422464E-1
7.810080154E0,-1.165530086E-2,5.670458078E-3,1.530437469E-1,1.535916294E-1
7.821919616E0,-1.158556342E-2,5.694746971E-3,1.510448456E-1,1.515955171E-1
7.830269539E0,-6.588637829E-3,6.706893444E-3,1.560440063E-1,1.563269794E-1
7.840413616E0,-3.639131784E-3,8.699715137E-3,1.670427322E-1,1.673087048E-1
7.850099000E0,1.245617867E-3,1.362276077E-2,1.660413742E-1,1.666039289E-1
7.860691231E0,5.077809095E-3,1.748540998E-2,1.560411453E-1,1.570998496E-1
7.871115539E0,2.944827080E-3,1.832094789E-2,1.430425644E-1,1.442411327E-1
7.880118154E0,-6.058752537E-3,1.323112845E-2,1.430463791E-1,1.437846926E-1
7.889986308E0,-9.019881487E-3,8.214205503E-3,1.450490952E-1,1.455612292E-1
7.900275308E0,-1.490688324E-2,3.274977207E-3,1.560516357E-1,1.567962170E-1
7.909986616E0,-1.282835007E-2,1.365423203E-3,1.630506516E-1,1.635602211E-1
7.919992000E0,-6.828814745E-3,1.451998949E-3,1.570453644E-1,1.572004691E-1
7.931721616E0,3.035455942E-3,8.432984352E-3,1.450414658E-1,1.453181200E-1
7.940058693E0,6.845593452E-3,9.400963783E-3,1.480350494E-1,1.484911315E-1
7.949987154E0,1.158770919E-2,2.471417189E-3,1.540212631E-1,1.544763166E-1
7.959987231E0,-4.444718361E-3,-3.375262022E-3,1.550121307E-1,1.551125675E-1
7.970291077E0,-1.828542352E-2,2.694129944E-3,1.570158005E-1,1.580998945E-1
7.980162847E0,-1.221403480E-2,7.696241140E-3,1.610193253E-1,1.616652031E-1
7.990003000E0,-3.072619438E-4,7.698595524E-3,1.620149612E-1,1.621980593E-1
7.999985462E0,7.491737604E-3,8.686363697E-3,1.610078812E-1,1.614159746E-1
8.012369770E0,-5.527377129E-3,6.700158119E-3,1.570053101E-1,1.572453860E-1
8.019989462E0,-1.343253255E-2,5.724817514E-3,1.540088654E-1,1.546995057E-1
8.030560308E0,-2.614676952E-2,2.786487341E-3,1.440181732E-1,1.463989491E-1
8.039985231E0,-2.290651202E-2,2.846688032E-3,1.430244446E-1,1.448751313E-1
8.049986231E0,-3.942310810E-3,3.893584013E-3,1.470212936E-1,1.471256694E-1
8.059984693E0,1.179605722E-2,5.909413099E-3,1.440095901E-1,1.446126903E-1
8.070726539E0,6.608337164E-3,8.884221315E-3,1.450023651E-1,1.454245007E-1
8.080020924E0,-1.231211424E-2,1.961052418E-3,1.540031433E-1,1.545069644E-1
8.089995462E0,-1.815354824E-2,-1.905769110E-3,1.560029984E-1,1.570672428E-1
8.101805462E0,-1.306724548E-2,8.088320494E-3,1.570072174E-1,1.577575360E-1
8.109987770E0,-1.298594475E-2,1.597678661E-2,1.620149612E-1,1.633179113E-1
8.120712462E0,-1.586771011E-2,1.291021705E-2,1.650238037E-1,1.662868417E-1
8.130001154E0,-1.673734188E-2,5.938947201E-3,1.650276184E-1,1.659804945E-1
8.140004308E0,-1.167401671E-2,5.965530872E-3,1.620292664E-1,1.625587690E-1
8.151035847E0,-8.651524782E-3,2.045542002E-3,1.610260010E-1,1.612712191E-1
8.159999539E0,-5.670338869E-3,-1.820772886E-3,1.610202789E-1,1.611303764E-1
8.170140462E0,-6.674081087E-3,4.227846861E-3,1.590166092E-1,1.592127509E-1
8.179992077E0,-1.259553432E-2,4.276007414E-3,1.590175629E-1,1.595729207E-1
8.193884770E0,-1.646226645E-2,3.810226917E-4,1.560182571E-1,1.568848239E-1
8.201659385E0,-1.534017920E-2,3.436356783E-3,1.560211182E-1,1.568110932E-1
8.210529077E0,-1.128169894E-2,9.414464235E-3,1.610240936E-1,1.616931279E-1
8.220014770E0,-8.269488811E-3,1.334425807E-2,1.680288315E-1,1.687606052E-1
8.229991924E0,-8.259356022E-3,1.623746753E-2,1.720333099E-1,1.729951792E-1
8.239991924E0,-9.236276150E-3,1.415905356E-2,1.720380783E-1,1.728666769E-1
8.249993077E0,-1.612028480E-2,1.013523340E-2,1.720438004E-1,1.730943551E-1
8.259991924E0,-1.896998286E-2,4.193991423E-3,1.770477295E-1,1.781104947E-1
8.270581924E0,-1.487168670E-2,-3.642618656E-3,1.730442047E-1,1.737202709E-1
8.279996539E0,-9.833693504E-3,6.377875805E-3,1.630449295E-1,1.634656779E-1
8.290009770E0,-8.809059858E-3,1.921886206E-2,1.600522995E-1,1.614425680E-1
8.299999000E0,-1.174059510E-2,2.103036642E-2,1.560649872E-1,1.579126281E-1
8.309985770E0,-1.561602950E-2,1.887032390E-2,1.540775299E-1,1.560122903E-1
8.319986077E0,-1.351982355E-2,9.836852551E-3,1.530828476E-1,1.539932061E-1
8.329985077E0,-7.509171963E-3,3.887891769E-3,1.540803909E-1,1.543122491E-1
8.340009462E0,-5.526989698E-3,3.938615322E-3,1.550769806E-1,1.552254174E-1
8.350182924E0,-1.599133015E-3,8.916765451E-3,1.510763168E-1,1.513476774E-1
8.360220847E0,9.179562330E-3,8.890569210E-3,1.490678787E-1,1.496146352E-1
8.371789385E0,6.984472275E-3,6.899446249E-3,1.510591507E-1,1.513778459E-1
8.379991385E0,2.848178148E-3,6.908923388E-3,1.560535431E-1,1.562323707E-1
8.390000847E0,-2.225339413E-3,7.917642593E-3,1.770496368E-1,1.772405572E-1
8.399986462E0,-9.206235409E-3,8.913964033E-3,1.780500412E-1,1.785105899E-1
8.409999770E0,-8.197456598E-3,9.893536568E-3,1.720523834E-1,1.725314551E-1
8.419987385E0,-4.239052534E-3,8.882403374E-3,1.670503616E-1,1.673400430E-1
8.429995231E0,-6.251126528E-3,9.855419397E-3,1.620512009E-1,1.624709130E-1
8.439985924E0,-6.265580654E-3,1.180505753E-2,1.680536270E-1,1.685842176E-1
8.449993616E0,1.611500978E-3,7.810294628E-3,1.690473557E-1,1.692353571E-1
8.460812616E0,6.423860788E-3,3.864765167E-3,1.600379944E-1,1.602134890E-1
8.469995231E0,7.224977016E-3,2.931982279E-3,1.590251923E-1,1.592162322E-1
8.480576847E0,7.028788328E-3,8.913040161E-3,1.550188065E-1,1.554338332E-1
8.489987154E0,1.908630133E-3,1.184615493E-2,1.490173340E-1,1.494996324E-1
8.500013077E0,-4.128068686E-3,7.840842009E-3,1.530160904E-1,1.532724492E-1
8.510017077E0,-7.121801376E-3,2.905368805E-3,1.530132294E-1,1.532064280E-1
8.520242000E0,-7.111698389E-3,8.404254913E-6,1.470088959E-1,1.471808133E-1
8.529985924E0,-9.073495865E-3,-3.832995892E-3,1.470041275E-1,1.473337493E-1
8.540032616E0,-1.496204734E-2,-3.673166037E-3,1.599998474E-1,1.607398712E-1
8.549992616E0,-1.189371943E-2,3.386288881E-3,1.630010605E-1,1.634694872E-1
8.559995539E0,-9.807348251E-4,1.232600212E-2,1.599998474E-1,1.604769246E-1
8.569994616E0,-1.062661409E-3,7.330894470E-3,1.589956284E-1,1.591680907E-1
8.580130000E0,-5.092084408E-3,-1.537114382E-3,1.659889221E-1,1.660741229E-1
8.589999770E0,-9.072095156E-3,1.555681229E-3,1.749858856E-1,1.752278038E-1
8.599987462E0,-9.052574635E-3,1.052775979E-2,1.739873886E-1,1.745405232E-1
8.610593770E0,-1.001402736E-2,1.443910599E-2,1.649932861E-1,1.659263481E-1
8.619993924E0,-1.489621401E-2,1.532584429E-2,1.510028839E-1,1.525078675E-1
8.630018770E0,-1.280552149E-2,1.225355268E-2,1.480102539E-1,1.490676564E-1
8.639988231E0,-8.772581816E-3,4.295527935E-3,1.480102539E-1,1.483322117E-1
8.649992154E0,-6.768673658E-3,8.280217648E-3,1.480102539E-1,1.483961327E-1
8.660057847E0,-9.730547667E-3,1.024588943E-2,1.600131989E-1,1.606358790E-1
8.669985693E0,-1.561039686E-2,2.322107553E-3,1.600151062E-1,1.607915137E-1
8.679994770E0,-1.450204849E-2,-1.549124718E-3,1.560134888E-1,1.566937072E-1
8.689985539E0,-1.144012809E-2,6.469190121E-3,1.600151062E-1,1.605539198E-1
8.700894308E0,-1.039394736E-2,1.240581274E-2,1.610212326E-1,1.618325545E-1
8.710895847E0,-5.417376757E-3,4.453510046E-3,1.620168686E-1,1.621685772E-1
8.720036770E0,-8.400261402E-3,1.542001963E-3,1.650133133E-1,1.652341845E-1
8.729985924E0,-1.626995206E-2,1.627385616E-3,1.590147018E-1,1.598531674E-1
8.740692231E0,-1.514562964E-2,3.678321838E-3,1.480178833E-1,1.488361983E-1
8.749986462E0,-4.176080227E-3,1.358130574E-2,1.420211792E-1,1.427301890E-1
8.759987616E0,1.707136631E-3,1.447302103E-2,1.440210342E-1,1.447564885E-1
8.770020847E0,-5.314379930E-3,8.460700512E-3,1.550207138E-1,1.553423567E-1
8.779996539E0,-8.296310902E-3,7.464945316E-3,1.610212326E-1,1.614075325E-1
8.789989847E0,-6.307214499E-3,8.456826210E-3,1.620206833E-1,1.623637912E-1
8.799985693E0,-8.289337158E-3,1.337873936E-2,1.600255966E-1,1.607976845E-1
8.809999462E0,-8.270144463E-3,1.823034883E-2,1.570329666E-1,1.583038013E-1
8.819986847E0,2.596586943E-3,2.104207873E-2,1.570358276E-1,1.584606024E-1
8.829991924E0,1.232650876E-2,1.888164878E-2,1.550331116E-1,1.566643711E-1
8.839985385E0,6.143987179E-3,1.182025671E-2,1.540288925E-1,1.546039029E-1
8.849987308E0,-9.810686111E-3,1.274377108E-2,1.510334015E-1,1.518872662E-1
8.860549847E0,-2.863973379E-3,1.956781745E-2,1.480388641E-1,1.493539659E-1
8.870570616E0,3.000944853E-3,1.741930842E-2,1.470413208E-1,1.480999257E-1
8.880652693E0,1.879453659E-3,1.136273146E-2,1.510381699E-1,1.514766410E-1
8.890125616E0,-1.199752092E-3,8.352428675E-3,1.570348740E-1,1.572614196E-1
8.899993539E0,6.914734840E-4,1.130771637E-2,1.660337448E-1,1.664197915E-1
8.910045077E0,2.554476261E-3,1.422953606E-2,1.730318069E-1,1.736347064E-1
8.920182231E0,-5.398988724E-4,1.316523552E-2,1.740303040E-1,1.745283977E-1
8.929990616E0,-5.564540625E-3,1.112556458E-2,1.690311432E-1,1.694882582E-1
8.939988000E0,-6.568670273E-3,1.107752323E-2,1.570329666E-1,1.575601839E-1
8.950408693E0,-6.569296122E-3,1.201149821E-2,1.510362625E-1,1.516554791E-1
8.961236693E0,3.282725811E-4,8.995324373E-3,1.610326767E-1,1.612840556E-1
8.970033231E0,8.117377758E-3,7.993489504E-3,1.620235443E-1,1.624235716E-1
8.980522616E0,-9.647607803E-4,8.973568678E-3,1.550207138E-1,1.552832168E-1
8.990948616E0,-7.946521044E-3,6.980240345E-3,1.510219574E-1,1.513918841E-1
8.999991231E0,-9.901106358E-3,6.000816822E-3,1.540231705E-1,1.544576924E-1
9.010537077E0,-9.860873222E-3,7.011294365E-3,1.600236893E-1,1.604804543E-1
9.019988462E0,-9.815454483E-3,6.030529737E-3,1.510248184E-1,1.514635475E-1
9.029988154E0,-1.075500250E-2,5.061984062E-3,1.490259171E-1,1.494992231E-1
9.039986308E0,-1.070076227E-2,9.042203426E-3,1.560297012E-1,1.566573823E-1
9.050551462E0,-5.722850561E-3,7.057845592E-3,1.690273285E-1,1.692713856E-1
9.060711693E0,1.750290394E-4,1.668930054E-4,1.660184860E-1,1.660186622E-1
9.069986231E0,-3.862857819E-3,2.667307854E-4,1.510124207E-1,1.510620535E-1
9.080066693E0,-7.842719555E-3,3.322154284E-3,1.470108032E-1,1.472573299E-1
9.090352770E0,-7.823109627E-3,7.320553064E-3,1.480112076E-1,1.483984808E-1
9.099994847E0,-9.776830673E-3,8.306056261E-3,1.490135193E-1,1.495647215E-1
9.109996154E0,-5.789726973E-3,6.322413683E-3,1.530122757E-1,1.532522442E-1
9.120800154E0,-3.830999136E-3,6.339550018E-3,1.550102234E-1,1.551870993E-1
9.129995077E0,-1.078170538E-2,1.129478216E-2,1.650142670E-1,1.657513969E-1
9.140062077E0,-2.061584592E-2,1.817318797E-2,1.830263138E-1,1.850781170E-1
9.152327000E0,-2.538144588E-2,2.495640516E-2,1.770467758E-1,1.805895921E-1
9.160674539E0,-1.724088192E-2,2.275097370E-2,1.610622406E-1,1.635723087E-1
9.170230693E0,-1.316815615E-3,5.774468184E-3,1.510572433E-1,1.511733087E-1
9.180036154E0,1.569539309E-3,-4.065215588E-3,1.450443268E-1,1.451097728E-1
9.190077231E0,-5.159378052E-4,2.009838820E-3,1.490383148E-1,1.490527589E-1
9.199987154E0,-5.533874035E-3,1.096278429E-2,1.560401917E-1,1.565226751E-1
9.209996000E0,-1.246044040E-2,1.289480925E-2,1.630458832E-1,1.640289569E-1
9.220009924E0,-7.456809282E-3,6.910175085E-3,1.650447845E-1,1.653575986E-1
9.231708539E0,1.424551010E-3,6.925910711E-3,1.660404205E-1,1.661909108E-1
9.239987001E0,1.306593418E-3,1.187601686E-2,1.690378189E-1,1.694595267E-1
9.250010693E0,-1.064914465E-2,1.774701476E-2,1.690444946E-1,1.703067878E-1
9.260412770E0,-1.750263572E-2,1.859661937E-2,1.590576172E-1,1.610946992E-1
9.271375462E0,-6.503492594E-3,6.607085466E-3,1.480569839E-1,1.483469565E-1
9.279991154E0,-3.543227911E-3,6.981194019E-4,1.470518112E-1,1.470961489E-1
9.290145616E0,-5.562275648E-3,1.780807972E-3,1.590461731E-1,1.591533706E-1
9.299989924E0,-1.249459386E-2,1.074841619E-2,1.710510254E-1,1.718432327E-1
9.309990154E0,-1.143914461E-2,1.268768311E-2,1.680564880E-1,1.689225104E-1
9.319994308E0,-3.489553928E-3,4.732668400E-3,1.650514603E-1,1.651561675E-1
9.330178770E0,-4.527837038E-3,-3.113597631E-3,1.690435410E-1,1.691328310E-1
9.339998001E0,-1.245430112E-2,1.968592405E-3,1.630430222E-1,1.635298506E-1
9.349997847E0,-1.237949729E-2,-9.106993675E-4,1.600399017E-1,1.605205640E-1
9.360002847E0,-6.390333176E-3,-2.762794495E-3,1.650333405E-1,1.651801225E-1
9.370014308E0,-3.437817097E-3,1.324862242E-3,1.590261459E-1,1.590688182E-1
9.380001693E0,-6.440997124E-3,9.298622608E-3,1.510286331E-1,1.514516386E-1
9.390417924E0,-5.461752415E-3,1.322323084E-2,1.590299606E-1,1.596722047E-1
9.400045924E0,-5.523264408E-4,1.709976792E-2,1.650323868E-1,1.659168340E-1
9.410009693E0,-1.630127430E-3,2.487578988E-2,1.690387726E-1,1.708671088E-1
9.422280693E0,-1.255926490E-2,1.182639599E-2,1.680450439E-1,1.689281965E-1
9.430362770E0,-1.149910688E-2,2.895683050E-3,1.630449295E-1,1.634755746E-1
9.439986001E0,-4.533082247E-3,-9.860068560E-3,1.610317230E-1,1.613969814E-1
9.449991385E0,-7.525265217E-3,-1.060551405E-2,1.600198746E-1,1.605473974E-1
9.460005308E0,-1.836121082E-2,-4.935264587E-4,1.530218124E-1,1.541202541E-1
9.470786154E0,-2.016907930E-2,1.440680027E-2,1.490345001E-1,1.510815339E-1
9.480000385E0,-1.801016927E-2,2.318599820E-2,1.530504227E-1,1.558409079E-1
9.489986077E0,-1.194164157E-2,2.001672983E-2,1.590614319E-1,1.607601051E-1
9.499999385E0,-1.187816262E-2,1.393651962E-2,1.650676727E-1,1.660802634E-1
9.510105924E0,-1.576426625E-2,1.681980491E-2,1.680784225E-1,1.696519203E-1
9.519990924E0,-6.767749786E-3,1.472425461E-2,1.600818634E-1,1.608999972E-1
9.529985847E0,6.052523851E-3,8.178353310E-4,1.530704498E-1,1.531922469E-1
9.539985924E0,1.080569625E-2,-6.979107857E-3,1.500511169E-1,1.506014897E-1
9.552960231E0,-3.239303827E-3,1.213550568E-4,1.450443268E-1,1.450805450E-1
9.560009462E0,-6.240248680E-3,2.197027206E-4,1.440401077E-1,1.441753849E-1
9.570007077E0,-9.202659130E-3,-6.670057774E-4,1.500358582E-1,1.503193020E-1
9.579991847E0,-1.114410162E-2,-2.524524927E-3,1.590318680E-1,1.594418366E-1
9.589993924E0,-1.009815931E-2,2.546101809E-3,1.560306549E-1,1.563778140E-1
9.599998308E0,-3.148317337E-3,5.572855473E-3,1.530265808E-1,1.531603834E-1
9.610018693E0,-2.356171608E-4,8.550643921E-3,1.440248489E-1,1.442786406E-1
9.620013924E0,-1.307815313E-3,1.345810294E-2,1.440267563E-1,1.446600755E-1
9.629987385E0,-7.303059101E-3,1.535281539E-2,1.590309143E-1,1.599370980E-1
9.640288847E0,-1.815533638E-2,6.376832724E-3,1.670360565E-1,1.681407875E-1
9.651013385E0,-1.998725533E-2,6.403476000E-3,1.710414886E-1,1.723243619E-1
9.661810462E0,-1.291424036E-2,1.925659180E-2,1.720514297E-1,1.736067061E-1
9.670001462E0,-3.956377506E-3,2.008575201E-2,1.590576172E-1,1.603696229E-1
9.679995924E0,-3.991723061E-3,7.087469101E-3,1.480560303E-1,1.482793113E-1
9.689991539E0,-6.984502077E-3,2.160102129E-3,1.470527649E-1,1.472343879E-1
9.700709462E0,-5.993962288E-3,3.219455481E-3,1.530494690E-1,1.532006281E-1
9.709990001E0,-4.030287266E-3,2.291291952E-3,1.510448456E-1,1.511159774E-1
9.719987770E0,-3.077507019E-3,3.345012665E-3,1.450405121E-1,1.451117166E-1
9.729986231E0,-6.079703569E-3,5.367934704E-3,1.420402527E-1,1.422716096E-1
9.740493077E0,-3.125697374E-3,7.363259792E-3,1.440382004E-1,1.442601495E-1
9.750000462E0,2.740681171E-3,1.229676604E-2,1.550359726E-1,1.555470173E-1
9.760298154E0,-3.522932529E-4,1.421025395E-2,1.630363464E-1,1.636548370E-1
9.769997616E0,-1.030430198E-2,1.707860827E-2,1.560440063E-1,1.573136657E-1
9.780645770E0,-9.262561798E-3,1.496538520E-2,1.450500488E-1,1.461139092E-1
9.790357154E0,-3.510415554E-4,8.942902088E-3,1.510486603E-1,1.513135701E-1
9.800380308E0,2.517223358E-3,1.188606024E-2,1.600446701E-1,1.605051752E-1
9.809987462E0,-5.730092525E-4,1.775121689E-2,1.630487442E-1,1.640131916E-1
9.819986001E0,-6.593763828E-4,1.859766245E-2,1.560516357E-1,1.571573124E-1
9.830550385E0,-5.675286055E-3,5.625516176E-3,1.560497284E-1,1.562541937E-1
9.840029077E0,-1.062536240E-2,5.656033754E-3,1.600494385E-1,1.605014386E-1
9.850224154E0,-1.550608873E-2,8.643507957E-3,1.590557098E-1,1.600433312E-1
9.859998462E0,-1.637208462E-2,5.671024323E-3,1.550598145E-1,1.560248433E-1
9.871328462E0,1.513928175E-3,1.259341836E-2,1.470594406E-1,1.476054377E-1
9.880185539E0,4.360795021E-3,1.744061708E-2,1.420593262E-1,1.431923315E-1
9.891607231E0,2.237290144E-3,1.237174869E-2,1.560573578E-1,1.565629731E-1
9.900009154E0,1.122653484E-3,1.132485271E-2,1.590547562E-1,1.594613687E-1
9.910856539E0,-1.278752089E-2,6.338477135E-3,1.470584869E-1,1.477494351E-1
9.919991154E0,-1.367929578E-2,8.318543434E-3,1.430625916E-1,1.439556404E-1
9.929987616E0,-1.949125528E-2,1.914620399E-2,1.450786591E-1,1.476289385E-1
9.940304693E0,-1.240974665E-2,2.489918470E-2,1.510944366E-1,1.536343061E-1
9.950035539E0,-3.452211618E-3,1.183202863E-2,1.450948715E-1,1.456174317E-1
9.960018693E0,4.495084286E-4,-1.050233841E-3,1.480855942E-1,1.480900005E-1
9.969999154E0,-7.542014122E-3,-1.915603876E-3,1.590795517E-1,1.592697563E-1
9.979986693E0,-1.640769839E-2,-1.783758402E-3,1.560792923E-1,1.569494818E-1
9.989998770E0,-1.824474335E-2,-3.626883030E-3,1.530790329E-1,1.542051077E-1
9.999986154E0,-1.611274481E-2,4.723966122E-4,1.540803909E-1,1.549213045E-1
1.000999969E1,-1.204386353E-2,2.546310425E-3,1.610794067E-1,1.615491059E-1
1.002037869E1,-1.592183113E-2,6.564766169E-3,1.620826721E-1,1.629950719E-1
1.002998615E1,-1.875928044E-2,1.348650455E-2,1.600933075E-1,1.617518578E-1
1.003999454E1,-1.464506984E-2,1.438680291E-2,1.501026154E-1,1.515000109E-1
1.005154900E1,-8.614152670E-3,7.384240627E-3,1.471042633E-1,1.475411635E-1
1.006209677E1,-3.657251596E-3,7.385671139E-3,1.531028748E-1,1.533245378E-1
1.006998577E1,1.233309507E-3,1.132473350E-2,1.451005936E-1,1.455470814E-1
1.007998646E1,-2.813041210E-3,1.224192977E-2,1.351032257E-1,1.356858859E-1
1.008999331E1,-4.833579063E-3,1.216670871E-2,1.421060562E-1,1.427078256E-1
1.010312077E1,-2.890110016E-3,1.210650802E-2,1.591053009E-1,1.595914066E-1
1.010999869E1,-8.862435818E-3,1.204568148E-2,1.571102142E-1,1.578203429E-1
1.012005977E1,-1.672348380E-2,1.001203060E-2,1.551170349E-1,1.563368485E-1
1.013055462E1,-1.066562533E-2,9.974896908E-3,1.501207352E-1,1.508293382E-1
1.013998800E1,-7.465183735E-4,9.934246540E-3,1.451196671E-1,1.454612124E-1
1.015066092E1,-2.799749374E-3,5.953162909E-3,1.471166611E-1,1.472636775E-1
1.016215139E1,-1.270931959E-2,6.955802441E-3,1.471204758E-1,1.478321494E-1
1.017000208E1,-1.656049490E-2,1.089948416E-2,1.421289444E-1,1.435050019E-1
1.018014546E1,-1.641857624E-2,7.890254259E-3,1.471347809E-1,1.482581178E-1
1.018998915E1,-9.382545948E-3,-9.895265102E-4,1.561317444E-1,1.564165366E-1
1.019998623E1,-2.445966005E-3,1.174509525E-4,1.611242294E-1,1.611428368E-1
1.020999115E1,-4.482567310E-3,1.403406262E-2,1.631259918E-1,1.637899189E-1
1.022012969E1,-4.520177841E-3,1.888656616E-2,1.651315689E-1,1.662695686E-1
1.022999900E1,-6.525099277E-3,1.774775982E-2,1.591367722E-1,1.602562702E-1
1.024192031E1,-6.528794765E-3,9.717851877E-3,1.531391144E-1,1.535859699E-1
1.024998746E1,-4.556715488E-3,1.795768738E-3,1.491336823E-1,1.492140865E-1
1.025999392E1,-1.049688458E-2,-1.087218523E-3,1.441316605E-1,1.445174805E-1
1.027000085E1,-1.240837574E-2,3.956556320E-3,1.421327591E-1,1.427282149E-1
1.028016069E1,-3.445595503E-3,1.089486480E-2,1.361341476E-1,1.366128704E-1
1.029000092E1,-4.468053579E-3,1.181995869E-2,1.361360550E-1,1.367212507E-1
1.029999469E1,-8.436739445E-3,1.273733377E-2,1.421422958E-1,1.429610105E-1
1.030999200E1,-1.136597991E-2,1.660248637E-2,1.451501846E-1,1.465380638E-1
1.032117846E1,-1.229354739E-2,1.056513190E-2,1.601552963E-1,1.609735142E-1
1.033308862E1,-3.853440285E-4,5.596816540E-3,1.621503830E-1,1.622474023E-1
1.034007769E1,7.419735193E-3,3.651797771E-3,1.621389389E-1,1.623496954E-1
1.035050454E1,1.215094328E-2,4.689991474E-3,1.451263428E-1,1.457096318E-1
1.035999154E1,4.989683628E-3,4.721522331E-3,1.421194077E-1,1.422853322E-1
1.037005269E1,-4.044711590E-3,7.714718580E-3,1.481170654E-1,1.483729815E-1
1.037998708E1,-7.042139769E-3,1.856324077E-2,1.561250687E-1,1.573824091E-1
1.039035446E1,-1.198008657E-2,2.434569597E-2,1.671371460E-1,1.693253110E-1
1.039998962E1,-1.290485263E-2,2.314394712E-2,1.681499481E-1,1.702250938E-1
1.041066800E1,-8.877098560E-3,1.602828503E-2,1.571559906E-1,1.582204607E-1
1.042032385E1,6.931483746E-3,6.046324968E-3,1.491479874E-1,1.494313409E-1
1.043011977E1,1.068729162E-2,1.133859158E-3,1.501331329E-1,1.505173128E-1
1.044097277E1,5.799233913E-4,3.201484680E-3,1.651258469E-1,1.651578975E-1
1.044999115E1,-1.495778561E-3,1.291662455E-3,1.631193161E-1,1.631312877E-1
1.045999554E1,-1.241636276E-2,-5.524396896E-3,1.541137695E-1,1.547117933E-1
1.047083685E1,-1.232254505E-2,-4.362583160E-3,1.361093521E-1,1.367356317E-1
1.048010715E1,-9.268343449E-3,1.155894995E-2,1.271162033E-1,1.279767192E-1
1.049000292E1,-1.217943430E-2,2.134707570E-2,1.381282806E-1,1.402977483E-1
1.050117839E1,-1.801255345E-2,1.523086429E-2,1.441411972E-1,1.460586048E-1
1.050998785E1,-1.291760802E-2,6.242483854E-3,1.441450119E-1,1.448572320E-1
1.051999908E1,-2.965837717E-3,-1.632273197E-3,1.441373825E-1,1.441771325E-1
1.053165638E1,-1.041084528E-3,-5.452603102E-3,1.431245804E-1,1.432321900E-1
1.053999992E1,-3.088623285E-3,5.570441484E-3,1.471223831E-1,1.472601950E-1
1.055007731E1,-1.165926456E-3,2.235952020E-2,1.501283646E-1,1.517887788E-1
1.056017592E1,-3.208756447E-3,2.706855536E-2,1.411399841E-1,1.437480363E-1
1.056999608E1,-5.218505859E-3,1.691609621E-2,1.331462860E-1,1.343179831E-1
1.058041023E1,-5.231529474E-3,5.929678679E-3,1.381454468E-1,1.383715811E-1
1.059049646E1,-3.196597099E-4,3.299117088E-5,1.511373520E-1,1.511376936E-1
1.059998754E1,-4.108846188E-4,1.395344734E-4,1.631288528E-1,1.631294300E-1
1.061000100E1,-1.036840677E-2,5.179643631E-3,1.651287079E-1,1.655349593E-1
1.061998885E1,-1.623579860E-2,2.812147141E-4,1.551294327E-1,1.559769891E-1
1.062999277E1,-1.018089056E-2,-6.080865860E-4,1.451263428E-1,1.454842798E-1
1.064044954E1,-5.194514990E-3,1.132693887E-2,1.391286850E-1,1.396856239E-1
1.064998815E1,-5.207896233E-3,2.111986279E-2,1.391382217E-1,1.408283194E-1
1.066012846E1,-5.230426788E-3,1.600402594E-2,1.561431885E-1,1.570483413E-1
1.066998800E1,-5.257338285E-3,6.032168865E-3,1.661405563E-1,1.663331330E-1
1.067999354E1,-7.250785828E-3,4.081308842E-3,1.551389694E-1,1.553619349E-1
1.069084400E1,-5.262941122E-3,9.049028158E-3,1.381387711E-1,1.385348459E-1
1.069999092E1,5.567610264E-3,1.000231504E-2,1.391344070E-1,1.396045408E-1
1.070999108E1,4.410833120E-3,1.094043255E-3,1.571235657E-1,1.571892721E-1
1.072047631E1,1.298189163E-3,-5.721896887E-3,1.671104431E-1,1.672134133E-1
1.073046939E1,-4.737138748E-3,-7.508754730E-3,1.660995483E-1,1.663366521E-1
1.074046938E1,-2.054569125E-2,-4.003643990E-4,1.551027298E-1,1.564581174E-1
1.075246246E1,-2.035591006E-2,-2.988278866E-4,1.551046371E-1,1.564349732E-1
1.076083746E1,-1.918527484E-2,7.704675198E-3,1.481122971E-1,1.495482843E-1
1.077084777E1,-1.604661345E-2,1.065373421E-2,1.441202164E-1,1.454016252E-1
1.078114954E1,-9.014010429E-3,7.651180029E-3,1.531219482E-1,1.535777457E-1
1.079029500E1,-7.009834051E-3,4.690557718E-3,1.531200409E-1,1.533521634E-1
1.079998692E1,-8.976370096E-3,-2.174943686E-3,1.511154175E-1,1.513974075E-1
1.081004600E1,-5.986869335E-3,-4.013478756E-3,1.541080475E-1,1.542765080E-1
1.082259785E1,-5.008369684E-3,1.093503833E-2,1.491088867E-1,1.495931781E-1
1.082999392E1,-9.961813688E-3,1.778948307E-2,1.511173248E-1,1.524865545E-1
1.083998977E1,-1.583576202E-2,2.258062363E-2,1.541328430E-1,1.565809350E-1
1.084999077E1,-1.867318153E-2,1.744621992E-2,1.571445465E-1,1.592088779E-1
1.086018400E1,-1.851454377E-2,1.632910967E-2,1.591567993E-1,1.610599731E-1
1.086998808E1,-1.243087649E-2,1.521676779E-2,1.481657028E-1,1.494628790E-1
1.088087808E1,-1.036599278E-2,1.115050912E-2,1.331710815E-1,1.340385192E-1
1.088999731E1,-8.327066898E-3,1.502278447E-2,1.301794052E-1,1.313076602E-1
1.090004692E1,-3.365844488E-3,2.180379629E-2,1.351881027E-1,1.369764854E-1
1.091156185E1,-8.340239525E-3,2.160218358E-2,1.471986771E-1,1.490089409E-1
1.091999746E1,-1.127186418E-2,1.844343543E-2,1.472082138E-1,1.487866709E-1
1.093417500E1,-6.269901991E-3,8.421033621E-3,1.392097473E-1,1.396050831E-1
1.094042777E1,-5.282104015E-3,6.427347660E-3,1.392078400E-1,1.394562086E-1
1.095006769E1,-9.237617254E-3,1.136276126E-2,1.392126083E-1,1.399806995E-1
1.096002431E1,-1.412674785E-2,1.524665952E-2,1.432228088E-1,1.447231792E-1
1.096999515E1,-9.089767933E-3,1.020488143E-2,1.472263336E-1,1.478592466E-1
1.097999239E1,-3.135770559E-3,2.273947001E-3,1.452217102E-1,1.452733596E-1
1.099078862E1,-5.154162645E-3,-2.587229013E-3,1.472148895E-1,1.473278074E-1
1.099998754E1,-4.188358784E-3,3.467977047E-3,1.512107849E-1,1.513085281E-1
1.101009592E1,-2.248495817E-3,1.436832547E-2,1.482124329E-1,1.489242417E-1
1.102231008E1,-2.305179834E-3,1.722231507E-2,1.422176361E-1,1.432751828E-1
1.103040031E1,-5.315274000E-3,1.411509514E-2,1.362218857E-1,1.370543330E-1
1.104090815E1,-8.275806904E-3,5.132466555E-3,1.272220612E-1,1.275942163E-1
1.105029215E1,-6.268829107E-3,5.152165890E-3,1.312217712E-1,1.314724164E-1
1.106001400E1,-2.325087786E-3,1.010781527E-2,1.422224045E-1,1.426000922E-1
1.106998754E1,1.558035612E-3,1.007661223E-2,1.592168808E-1,1.595430372E-1
1.108067315E1,2.425611019E-3,4.134029150E-3,1.732101440E-1,1.732764490E-1
1.109001838E1,1.309335232E-3,2.214759588E-3,1.682014465E-1,1.682211227E-1
1.110001677E1,-7.744729519E-4,2.288997173E-3,1.561946869E-1,1.562133782E-1
1.110998685E1,-3.813475370E-3,9.262621403E-3,1.501941681E-1,1.505278276E-1
1.112027592E1,-3.852158785E-3,9.237974882E-3,1.541948318E-1,1.545193369E-1
1.113661485E1,5.964338779E-3,3.305912018E-3,1.591825485E-1,1.593285478E-1
1.114000269E1,5.794703960E-3,2.373903990E-3,1.561727524E-1,1.562982489E-1
1.115053885E1,2.666145563E-3,2.441704273E-3,1.481647491E-1,1.482088497E-1
1.115998685E1,-5.350559950E-3,9.412646294E-3,1.491651535E-1,1.495575790E-1
1.117057585E1,-3.394633532E-3,1.135629416E-2,1.491661072E-1,1.496362806E-1
1.117998439E1,4.454463720E-3,8.330523968E-3,1.331605911E-1,1.334952542E-1
1.119000769E1,2.333700657E-3,-2.535104752E-3,1.361494064E-1,1.361930020E-1
1.120229762E1,-5.682885647E-3,-1.226085424E-2,1.591358185E-1,1.597085861E-1
1.120998731E1,-1.064208150E-2,-8.042216301E-3,1.741275787E-1,1.746377531E-1
1.122027308E1,-1.059901714E-2,1.054853201E-3,1.681251526E-1,1.684622178E-1
1.123014285E1,-1.054045558E-2,9.028524160E-3,1.471290588E-1,1.477821891E-1
1.124006354E1,-1.244938374E-2,6.040602922E-3,1.391324997E-1,1.398189133E-1
1.124998531E1,-9.400218725E-3,5.064934492E-3,1.371326447E-1,1.375477368E-1
1.126001708E1,-1.034617424E-2,7.068157196E-3,1.481342316E-1,1.486632192E-1
1.126998777E1,-1.522773504E-2,1.200571656E-2,1.531429291E-1,1.543657276E-1
1.128001977E1,-1.510894299E-2,9.970188141E-3,1.501483917E-1,1.512356583E-1
1.128998562E1,-1.597043872E-2,8.942723274E-3,1.431560516E-1,1.443214549E-1
1.129999269E1,-1.681670547E-2,1.187077165E-2,1.391658783E-1,1.406799861E-1
1.130999131E1,-6.804943085E-3,6.868511438E-3,1.361665726E-1,1.365094106E-1
1.132012046E1,-8.780062199E-4,2.921730280E-3,1.321611404E-1,1.321963481E-1
1.133007392E1,3.442168236E-5,-1.952439547E-3,1.371517181E-1,1.371656188E-1
1.133999185E1,1.916199923E-3,-6.754785776E-3,1.481370926E-1,1.483033956E-1
